Provincias,Residencia,Periodo,total_overnight_stays,total_travelers,avg_stay
Balears,Residentes en España,2022-01-01,44476,20603,2.1587147502790858
Balears,Residentes en España,2022-02-01,107070,42557,2.5159198251756467
Balears,Residentes en España,2022-03-01,177559,60834,2.9187460959331952
Balears,Residentes en España,2022-04-01,336559,111992,3.0052057289806413
Balears,Residentes en España,2022-05-01,525630,174365,3.01453846815588
Balears,Residentes en España,2022-06-01,826105,238985,3.4567232253070275
Balears,Residentes en España,2022-07-01,936133,242215,3.864884503437029
Balears,Residentes en España,2022-08-01,1192546,284123,4.197287794370748
Balears,Residentes en España,2022-09-01,687086,187516,3.6641459928752744
Balears,Residentes en España,2022-10-01,419017,167105,2.5075072559169382
Balears,Residentes en España,2022-11-01,97922,44337,2.20858425243025
Balears,Residentes en España,2022-12-01,80586,35980,2.239744302390217
Balears,Residentes en España,2023-01-01,85942,35443,2.424794740851508
Balears,Residentes en España,2023-02-01,140170,51577,2.717684239098823
Balears,Residentes en España,2023-03-01,173879,62568,2.779040404040404
Balears,Residentes en España,2023-04-01,297000,109541,2.7113135720871635
Balears,Residentes en España,2023-05-01,644969,195761,3.2946756504104493
Balears,Residentes en España,2023-06-01,889859,244635,3.637496678725448
Balears,Residentes en España,2023-07-01,974544,237710,4.099718143956922
Balears,Residentes en España,2023-08-01,1043279,239946,4.347974127512024
Balears,Residentes en España,2023-09-01,652248,176703,3.6912106755403133
Balears,Residentes en España,2023-10-01,442356,148089,2.9870955979174685
Balears,Residentes en España,2023-11-01,82054,40472,2.0274263688475984
Balears,Residentes en España,2023-12-01,72231,34963,2.06592683694191
Balears,Residentes en España,2024-01-01,61386,30560,2.0087041884816754
Balears,Residentes en España,2024-02-01,170008,57019,2.9816026236868414
Balears,Residentes en España,2024-03-01,304250,104550,2.9100908656145386
Balears,Residentes en España,2024-04-01,357474,111974,3.192473252719381
Balears,Residentes en España,2024-05-01,509246,179010,2.8447907938104016
Balears,Residentes en España,2024-06-01,773158,229477,3.3692178301093354
Balears,Residentes en España,2024-07-01,836381,219909,3.803305003433238
Balears,Residentes en España,2024-08-01,979934,232557,4.213736847310551
Balears,Residentes en España,2024-09-01,648603,177476,3.6545955509477337
Balears,Residentes en España,2024-10-01,525129,164762,3.187197290637404
Balears,Residentes en España,2024-11-01,93071,42317,2.199376137249805
Balears,Residentes en España,2024-12-01,82672,43134,1.9166318913154357
Balears,Residentes en España,2025-01-01,70299,28073,2.504149894916824
Balears,Residentes en España,2025-02-01,152788,55690,2.743544622014724
Balears,Residentes en España,2025-03-01,388334,106917,3.63210714853578
Balears,Residentes en el Extranjero,2022-01-01,82953,21528,3.8532608695652173
Balears,Residentes en el Extranjero,2022-02-01,203335,50067,4.061257914394711
Balears,Residentes en el Extranjero,2022-03-01,639551,141624,4.515837711122408
Balears,Residentes en el Extranjero,2022-04-01,2479457,515508,4.809735251441297
Balears,Residentes en el Extranjero,2022-05-01,5851595,1204285,4.858978564044225
Balears,Residentes en el Extranjero,2022-06-01,8130054,1503440,5.407634491566009
Balears,Residentes en el Extranjero,2022-07-01,9450208,1662644,5.683843324247404
Balears,Residentes en el Extranjero,2022-08-01,9586906,1670321,5.7395590428426635
Balears,Residentes en el Extranjero,2022-09-01,7990977,1430997,5.584202482604785
Balears,Residentes en el Extranjero,2022-10-01,5185455,905023,5.729638915254087
Balears,Residentes en el Extranjero,2022-11-01,300163,66857,4.489627114587852
Balears,Residentes en el Extranjero,2022-12-01,167682,44716,3.7499329099203864
Balears,Residentes en el Extranjero,2023-01-01,151873,40466,3.753101369050561
Balears,Residentes en el Extranjero,2023-02-01,326250,73205,4.456662796257087
Balears,Residentes en el Extranjero,2023-03-01,771032,167839,4.593878657522984
Balears,Residentes en el Extranjero,2023-04-01,3053023,656555,4.650064351044467
Balears,Residentes en el Extranjero,2023-05-01,6613952,1297010,5.099383967741189
Balears,Residentes en el Extranjero,2023-06-01,8103144,1569372,5.1633035379756995
Balears,Residentes en el Extranjero,2023-07-01,9638472,1734992,5.5553408891798925
Balears,Residentes en el Extranjero,2023-08-01,10011278,1739237,5.7561321430029375
Balears,Residentes en el Extranjero,2023-09-01,8406610,1514425,5.551024316159599
Balears,Residentes en el Extranjero,2023-10-01,5938981,1041187,5.704048360188899
Balears,Residentes en el Extranjero,2023-11-01,331322,72557,4.566368510274681
Balears,Residentes en el Extranjero,2023-12-01,197907,52974,3.735927058557028
Balears,Residentes en el Extranjero,2024-01-01,165481,38711,4.274779778357573
Balears,Residentes en el Extranjero,2024-02-01,415305,91824,4.522837166753789
Balears,Residentes en el Extranjero,2024-03-01,1373193,270731,5.072167575933307
Balears,Residentes en el Extranjero,2024-04-01,3080218,664355,4.636403729933544
Balears,Residentes en el Extranjero,2024-05-01,7664904,1559770,4.914124518358476
Balears,Residentes en el Extranjero,2024-06-01,8716746,1674983,5.204080280217769
Balears,Residentes en el Extranjero,2024-07-01,10065005,1810063,5.560582697950292
Balears,Residentes en el Extranjero,2024-08-01,10437285,1835257,5.687097229434352
Balears,Residentes en el Extranjero,2024-09-01,8785376,1581810,5.5540020609302
Balears,Residentes en el Extranjero,2024-10-01,6564526,1207595,5.4360327758892675
Balears,Residentes en el Extranjero,2024-11-01,312019,78152,3.9924634046473537
Balears,Residentes en el Extranjero,2024-12-01,215244,57073,3.7713805126767475
Balears,Residentes en el Extranjero,2025-01-01,167552,39462,4.245907455273428
Balears,Residentes en el Extranjero,2025-02-01,469578,111658,4.20550251661323
Balears,Residentes en el Extranjero,2025-03-01,1040770,226959,4.585718125300164
Barcelona,Residentes en España,2022-01-01,354869,183731,1.931459579493934
Barcelona,Residentes en España,2022-02-01,419550,220732,1.9007212366127249
Barcelona,Residentes en España,2022-03-01,516812,258640,1.998190535106712
Barcelona,Residentes en España,2022-04-01,605783,297090,2.039055505065805
Barcelona,Residentes en España,2022-05-01,614237,292049,2.1031984358789106
Barcelona,Residentes en España,2022-06-01,659593,303980,2.1698565695111522
Barcelona,Residentes en España,2022-07-01,724881,335624,2.1598008485686364
Barcelona,Residentes en España,2022-08-01,692499,283775,2.4403101048365783
Barcelona,Residentes en España,2022-09-01,596473,296716,2.0102488574933606
Barcelona,Residentes en España,2022-10-01,607951,316090,1.9233477806953716
Barcelona,Residentes en España,2022-11-01,508819,267015,1.9055820834035542
Barcelona,Residentes en España,2022-12-01,498284,264577,1.8833231913582813
Barcelona,Residentes en España,2023-01-01,462121,249509,1.852121566757111
Barcelona,Residentes en España,2023-02-01,487297,252316,1.9312964695064918
Barcelona,Residentes en España,2023-03-01,603748,312242,1.9335899718807847
Barcelona,Residentes en España,2023-04-01,616293,298082,2.0675283982259915
Barcelona,Residentes en España,2023-05-01,649336,339829,1.9107727710113027
Barcelona,Residentes en España,2023-06-01,632369,330907,1.9110172948895008
Barcelona,Residentes en España,2023-07-01,694572,337404,2.0585766618060246
Barcelona,Residentes en España,2023-08-01,649993,280876,2.314163545479144
Barcelona,Residentes en España,2023-09-01,555333,290347,1.9126527913152194
Barcelona,Residentes en España,2023-10-01,589710,315869,1.8669448410575271
Barcelona,Residentes en España,2023-11-01,492263,272902,1.803808693230537
Barcelona,Residentes en España,2023-12-01,472811,260712,1.8135375433428458
Barcelona,Residentes en España,2024-01-01,435764,231739,1.8804085630817429
Barcelona,Residentes en España,2024-02-01,484989,255670,1.896933547150624
Barcelona,Residentes en España,2024-03-01,564127,290694,1.9406214094546155
Barcelona,Residentes en España,2024-04-01,551299,275683,1.9997569672413607
Barcelona,Residentes en España,2024-05-01,585137,287073,2.038286428887426
Barcelona,Residentes en España,2024-06-01,619214,317188,1.9521986960414643
Barcelona,Residentes en España,2024-07-01,634205,309141,2.051507241032409
Barcelona,Residentes en España,2024-08-01,601364,260540,2.308144622706686
Barcelona,Residentes en España,2024-09-01,531917,273319,1.9461398585535583
Barcelona,Residentes en España,2024-10-01,567185,291089,1.9484934161029788
Barcelona,Residentes en España,2024-11-01,507070,279692,1.812958540108405
Barcelona,Residentes en España,2024-12-01,474251,268215,1.7681747851537013
Barcelona,Residentes en España,2025-01-01,430151,232305,1.8516648371752653
Barcelona,Residentes en España,2025-02-01,429593,256257,1.6764146930620432
Barcelona,Residentes en España,2025-03-01,525225,283856,1.850321994250606
Barcelona,Residentes en el Extranjero,2022-01-01,641291,235175,2.7268672265334324
Barcelona,Residentes en el Extranjero,2022-02-01,975350,360443,2.7059757021221107
Barcelona,Residentes en el Extranjero,2022-03-01,1372491,479869,2.860136829009584
Barcelona,Residentes en el Extranjero,2022-04-01,1927190,657737,2.9300313043055204
Barcelona,Residentes en el Extranjero,2022-05-01,2303551,788946,2.919782849523288
Barcelona,Residentes en el Extranjero,2022-06-01,2549429,836187,3.0488742350694285
Barcelona,Residentes en el Extranjero,2022-07-01,2954985,926342,3.189950363904476
Barcelona,Residentes en el Extranjero,2022-08-01,3182414,950248,3.3490351992322003
Barcelona,Residentes en el Extranjero,2022-09-01,2482226,845137,2.9370693745511085
Barcelona,Residentes en el Extranjero,2022-10-01,2314570,837958,2.7621551438138905
Barcelona,Residentes en el Extranjero,2022-11-01,1484186,555341,2.672566945354296
Barcelona,Residentes en el Extranjero,2022-12-01,1262761,478479,2.6391147782870306
Barcelona,Residentes en el Extranjero,2023-01-01,1241533,457770,2.712132730410468
Barcelona,Residentes en el Extranjero,2023-02-01,1464273,516471,2.835150473114657
Barcelona,Residentes en el Extranjero,2023-03-01,1744055,641018,2.720758231438119
Barcelona,Residentes en el Extranjero,2023-04-01,2266476,804577,2.816978362543299
Barcelona,Residentes en el Extranjero,2023-05-01,2538461,911864,2.783815349657405
Barcelona,Residentes en el Extranjero,2023-06-01,2667663,932142,2.8618633212536286
Barcelona,Residentes en el Extranjero,2023-07-01,3140450,1005179,3.124269408732176
Barcelona,Residentes en el Extranjero,2023-08-01,3376797,1030985,3.275311473978768
Barcelona,Residentes en el Extranjero,2023-09-01,2793696,925823,3.01752710831336
Barcelona,Residentes en el Extranjero,2023-10-01,2581304,906673,2.8470065834098954
Barcelona,Residentes en el Extranjero,2023-11-01,1647469,643526,2.560065949161339
Barcelona,Residentes en el Extranjero,2023-12-01,1384603,547144,2.5306007193718654
Barcelona,Residentes en el Extranjero,2024-01-01,1340817,513115,2.613092581585025
Barcelona,Residentes en el Extranjero,2024-02-01,1600121,586451,2.728482004464141
Barcelona,Residentes en el Extranjero,2024-03-01,1974434,736229,2.6818204661864717
Barcelona,Residentes en el Extranjero,2024-04-01,2277589,835077,2.727399988264555
Barcelona,Residentes en el Extranjero,2024-05-01,2858517,1003686,2.8480192012242873
Barcelona,Residentes en el Extranjero,2024-06-01,2903747,959865,3.025161871721544
Barcelona,Residentes en el Extranjero,2024-07-01,3295603,1036764,3.178739809638452
Barcelona,Residentes en el Extranjero,2024-08-01,3474063,1055264,3.2921268990508534
Barcelona,Residentes en el Extranjero,2024-09-01,2829587,924922,3.0592709439282446
Barcelona,Residentes en el Extranjero,2024-10-01,2585719,923799,2.7990060608422396
Barcelona,Residentes en el Extranjero,2024-11-01,1651383,661564,2.4961802637386556
Barcelona,Residentes en el Extranjero,2024-12-01,1424596,560799,2.540296969145808
Barcelona,Residentes en el Extranjero,2025-01-01,1414765,557690,2.536830497229644
Barcelona,Residentes en el Extranjero,2025-02-01,1519202,597700,2.5417466956667223
Barcelona,Residentes en el Extranjero,2025-03-01,1849155,725837,2.5476174402792915
Girona,Residentes en España,2022-01-01,148330,81482,1.820402051986942
Girona,Residentes en España,2022-02-01,158061,92785,1.7035188877512528
Girona,Residentes en España,2022-03-01,193695,94875,2.041581027667984
Girona,Residentes en España,2022-04-01,341555,172924,1.9751740649071268
Girona,Residentes en España,2022-05-01,294420,148939,1.9767824411336186
Girona,Residentes en España,2022-06-01,525728,255088,2.0609671956344475
Girona,Residentes en España,2022-07-01,619760,244445,2.5353760559635092
Girona,Residentes en España,2022-08-01,826799,273522,3.0227879293073316
Girona,Residentes en España,2022-09-01,372824,176025,2.118017327084221
Girona,Residentes en España,2022-10-01,253035,148190,1.7075038801538565
Girona,Residentes en España,2022-11-01,130250,75232,1.73131114419396
Girona,Residentes en España,2022-12-01,189849,101790,1.8651046271735927
Girona,Residentes en España,2023-01-01,138992,77001,1.8050674666562772
Girona,Residentes en España,2023-02-01,145810,84001,1.7358126688967987
Girona,Residentes en España,2023-03-01,190360,100350,1.8969606377678128
Girona,Residentes en España,2023-04-01,385678,192039,2.0083316409687617
Girona,Residentes en España,2023-05-01,294462,146828,2.005489416187648
Girona,Residentes en España,2023-06-01,485185,239930,2.022193973242196
Girona,Residentes en España,2023-07-01,591426,227893,2.5951916030768825
Girona,Residentes en España,2023-08-01,789014,264027,2.9883837637817345
Girona,Residentes en España,2023-09-01,380955,181503,2.098890927422687
Girona,Residentes en España,2023-10-01,266361,147501,1.8058250452539304
Girona,Residentes en España,2023-11-01,130560,76831,1.699314078952506
Girona,Residentes en España,2023-12-01,176705,97216,1.8176534726793943
Girona,Residentes en España,2024-01-01,120857,74352,1.625470733806757
Girona,Residentes en España,2024-02-01,125343,77554,1.6162029037831704
Girona,Residentes en España,2024-03-01,267739,132842,2.015469505126391
Girona,Residentes en España,2024-04-01,231609,110893,2.0885808842758333
Girona,Residentes en España,2024-05-01,359515,170800,2.1048887587822014
Girona,Residentes en España,2024-06-01,491870,224004,2.195809003410653
Girona,Residentes en España,2024-07-01,519927,200566,2.5922987944118145
Girona,Residentes en España,2024-08-01,743025,257099,2.8900345781197125
Girona,Residentes en España,2024-09-01,341466,153476,2.224882066251401
Girona,Residentes en España,2024-10-01,243188,124055,1.9603240498166137
Girona,Residentes en España,2024-11-01,141791,87089,1.6281160651747064
Girona,Residentes en España,2024-12-01,146726,90335,1.624243095145846
Girona,Residentes en España,2025-01-01,134300,77019,1.7437255742089615
Girona,Residentes en España,2025-02-01,153957,89278,1.72446739398284
Girona,Residentes en España,2025-03-01,238161,123850,1.9229794105773113
Girona,Residentes en el Extranjero,2022-01-01,56573,30145,1.8766959694808425
Girona,Residentes en el Extranjero,2022-02-01,113688,55588,2.045189609268187
Girona,Residentes en el Extranjero,2022-03-01,124045,53608,2.3139270258170423
Girona,Residentes en el Extranjero,2022-04-01,483804,156628,3.088872998442169
Girona,Residentes en el Extranjero,2022-05-01,685925,230522,2.9755294505513574
Girona,Residentes en el Extranjero,2022-06-01,860032,254234,3.3828362846826154
Girona,Residentes en el Extranjero,2022-07-01,1448306,343860,4.2119060082591755
Girona,Residentes en el Extranjero,2022-08-01,1533968,354716,4.324496216691664
Girona,Residentes en el Extranjero,2022-09-01,1004850,277909,3.615751918793562
Girona,Residentes en el Extranjero,2022-10-01,621275,202899,3.061991434161824
Girona,Residentes en el Extranjero,2022-11-01,153317,64016,2.3949793801549615
Girona,Residentes en el Extranjero,2022-12-01,108360,53654,2.019607112237671
Girona,Residentes en el Extranjero,2023-01-01,101475,45351,2.237547132367533
Girona,Residentes en el Extranjero,2023-02-01,144870,61937,2.3389896184832977
Girona,Residentes en el Extranjero,2023-03-01,225607,87525,2.577629248786061
Girona,Residentes en el Extranjero,2023-04-01,651780,222915,2.9238947580916492
Girona,Residentes en el Extranjero,2023-05-01,923204,296780,3.1107352247456026
Girona,Residentes en el Extranjero,2023-06-01,1005028,274205,3.6652431574916577
Girona,Residentes en el Extranjero,2023-07-01,1507584,362769,4.155768546926557
Girona,Residentes en el Extranjero,2023-08-01,1546291,372153,4.154987330479669
Girona,Residentes en el Extranjero,2023-09-01,1201347,314900,3.815011114639568
Girona,Residentes en el Extranjero,2023-10-01,810621,238094,3.404625904054701
Girona,Residentes en el Extranjero,2023-11-01,173545,73341,2.3662753439413153
Girona,Residentes en el Extranjero,2023-12-01,132056,63723,2.0723443654567424
Girona,Residentes en el Extranjero,2024-01-01,91259,50860,1.7943177349587103
Girona,Residentes en el Extranjero,2024-02-01,149064,68516,2.1756086169653805
Girona,Residentes en el Extranjero,2024-03-01,286421,109975,2.604419186178677
Girona,Residentes en el Extranjero,2024-04-01,644570,213439,3.0199260678695086
Girona,Residentes en el Extranjero,2024-05-01,997264,314768,3.1682509022518173
Girona,Residentes en el Extranjero,2024-06-01,1093676,302868,3.6110648863531307
Girona,Residentes en el Extranjero,2024-07-01,1709033,394905,4.3277066636279615
Girona,Residentes en el Extranjero,2024-08-01,1697706,408296,4.158027509453926
Girona,Residentes en el Extranjero,2024-09-01,1298091,335355,3.8707966185087446
Girona,Residentes en el Extranjero,2024-10-01,847780,254757,3.327798647338444
Girona,Residentes en el Extranjero,2024-11-01,143908,71290,2.0186281385888623
Girona,Residentes en el Extranjero,2024-12-01,99982,57552,1.7372463163747567
Girona,Residentes en el Extranjero,2025-01-01,116402,59523,1.955580195890664
Girona,Residentes en el Extranjero,2025-02-01,149667,73192,2.0448546289211937
Girona,Residentes en el Extranjero,2025-03-01,249803,100833,2.4773933136969046
Madrid,Residentes en España,2022-01-01,699507,386597,1.8093958308005493
Madrid,Residentes en España,2022-02-01,847027,484422,1.7485312392913617
Madrid,Residentes en España,2022-03-01,905312,525292,1.7234452456919198
Madrid,Residentes en España,2022-04-01,981114,555151,1.7672921421379049
Madrid,Residentes en España,2022-05-01,941725,550965,1.709228353888178
Madrid,Residentes en España,2022-06-01,940874,554884,1.6956228689239552
Madrid,Residentes en España,2022-07-01,830820,480539,1.7289335516992377
Madrid,Residentes en España,2022-08-01,786584,448780,1.752716252952449
Madrid,Residentes en España,2022-09-01,932436,550019,1.6952796176132097
Madrid,Residentes en España,2022-10-01,1012992,582487,1.739080872191139
Madrid,Residentes en España,2022-11-01,991945,593671,1.6708665237143132
Madrid,Residentes en España,2022-12-01,1111786,620080,1.7929718745968262
Madrid,Residentes en España,2023-01-01,920267,532766,1.72733808088354
Madrid,Residentes en España,2023-02-01,903932,523275,1.727451149013425
Madrid,Residentes en España,2023-03-01,975377,582240,1.6752146881011267
Madrid,Residentes en España,2023-04-01,1028904,566092,1.8175561569497538
Madrid,Residentes en España,2023-05-01,951054,567796,1.6749924268575334
Madrid,Residentes en España,2023-06-01,1010384,615801,1.640763818181523
Madrid,Residentes en España,2023-07-01,936220,548761,1.70606147302742
Madrid,Residentes en España,2023-08-01,845787,474758,1.781511843928907
Madrid,Residentes en España,2023-09-01,989249,562876,1.7574901043924416
Madrid,Residentes en España,2023-10-01,961581,526741,1.8255290550764038
Madrid,Residentes en España,2023-11-01,1028629,583167,1.7638669540629013
Madrid,Residentes en España,2023-12-01,1155296,627019,1.8425215184866806
Madrid,Residentes en España,2024-01-01,879889,490157,1.7951166667006693
Madrid,Residentes en España,2024-02-01,941378,543763,1.7312284947670216
Madrid,Residentes en España,2024-03-01,1042343,578912,1.8005206318058704
Madrid,Residentes en España,2024-04-01,904762,518289,1.745670851590522
Madrid,Residentes en España,2024-05-01,1018192,581449,1.751128645848561
Madrid,Residentes en España,2024-06-01,1014687,591116,1.7165615547540585
Madrid,Residentes en España,2024-07-01,996009,575438,1.730871092976133
Madrid,Residentes en España,2024-08-01,835742,471259,1.7734239558289604
Madrid,Residentes en España,2024-09-01,931628,548374,1.698891632353102
Madrid,Residentes en España,2024-10-01,1005139,563427,1.7839737889735494
Madrid,Residentes en España,2024-11-01,1069887,592761,1.8049213764063425
Madrid,Residentes en España,2024-12-01,1122749,608656,1.844636379169843
Madrid,Residentes en España,2025-01-01,909763,503084,1.8083719617399878
Madrid,Residentes en España,2025-02-01,889050,499366,1.7803574933015063
Madrid,Residentes en España,2025-03-01,933188,514827,1.81262443500438
Madrid,Residentes en el Extranjero,2022-01-01,493728,182870,2.6998851643243835
Madrid,Residentes en el Extranjero,2022-02-01,588508,236771,2.485557775234298
Madrid,Residentes en el Extranjero,2022-03-01,815168,323693,2.518336819146537
Madrid,Residentes en el Extranjero,2022-04-01,1023461,396769,2.579488316879595
Madrid,Residentes en el Extranjero,2022-05-01,1110766,460034,2.4145302303742766
Madrid,Residentes en el Extranjero,2022-06-01,1088657,461468,2.3591169918607573
Madrid,Residentes en el Extranjero,2022-07-01,1091837,480915,2.2703325951571482
Madrid,Residentes en el Extranjero,2022-08-01,915087,406755,2.249725264594166
Madrid,Residentes en el Extranjero,2022-09-01,1133828,498605,2.274000461286991
Madrid,Residentes en el Extranjero,2022-10-01,1229379,521538,2.357218457715449
Madrid,Residentes en el Extranjero,2022-11-01,940766,410424,2.2921807691558
Madrid,Residentes en el Extranjero,2022-12-01,792069,347670,2.27822072655104
Madrid,Residentes en el Extranjero,2023-01-01,816381,355327,2.2975484553664653
Madrid,Residentes en el Extranjero,2023-02-01,801952,355868,2.2535097283262333
Madrid,Residentes en el Extranjero,2023-03-01,1064832,471645,2.2576980568011957
Madrid,Residentes en el Extranjero,2023-04-01,1218991,511451,2.38339743201206
Madrid,Residentes en el Extranjero,2023-05-01,1273608,549782,2.316569112848365
Madrid,Residentes en el Extranjero,2023-06-01,1229297,547220,2.2464401885895984
Madrid,Residentes en el Extranjero,2023-07-01,1253390,562376,2.2287402022845924
Madrid,Residentes en el Extranjero,2023-08-01,1144964,532784,2.14902099162137
Madrid,Residentes en el Extranjero,2023-09-01,1312414,586090,2.2392704192188915
Madrid,Residentes en el Extranjero,2023-10-01,1374053,599205,2.293126726245609
Madrid,Residentes en el Extranjero,2023-11-01,1101546,481516,2.287662299902807
Madrid,Residentes en el Extranjero,2023-12-01,971683,425410,2.2841094473566677
Madrid,Residentes en el Extranjero,2024-01-01,935087,405057,2.308531885635849
Madrid,Residentes en el Extranjero,2024-02-01,979198,429164,2.2816405849512074
Madrid,Residentes en el Extranjero,2024-03-01,1220302,515122,2.3689572567275325
Madrid,Residentes en el Extranjero,2024-04-01,1400156,606522,2.308499938996442
Madrid,Residentes en el Extranjero,2024-05-01,1475264,646118,2.2832733339730513
Madrid,Residentes en el Extranjero,2024-06-01,1340056,595768,2.24929167058318
Madrid,Residentes en el Extranjero,2024-07-01,1308779,594785,2.2004236825071244
Madrid,Residentes en el Extranjero,2024-08-01,1218321,561407,2.1701207858113634
Madrid,Residentes en el Extranjero,2024-09-01,1413773,645081,2.191620897220659
Madrid,Residentes en el Extranjero,2024-10-01,1513433,662543,2.284278907180364
Madrid,Residentes en el Extranjero,2024-11-01,1207176,531645,2.2706430042603616
Madrid,Residentes en el Extranjero,2024-12-01,1036620,449322,2.3070759944983776
Madrid,Residentes en el Extranjero,2025-01-01,1050912,446807,2.3520490950231308
Madrid,Residentes en el Extranjero,2025-02-01,1015614,439035,2.3132870955618574
Madrid,Residentes en el Extranjero,2025-03-01,1281138,546916,2.342476724030747
Málaga,Residentes en España,2022-01-01,173183,88951,1.9469483198614967
Málaga,Residentes en España,2022-02-01,341683,163580,2.0887822472184863
Málaga,Residentes en España,2022-03-01,403973,167811,2.407309413566453
Málaga,Residentes en España,2022-04-01,565287,224104,2.5224315496376684
Málaga,Residentes en España,2022-05-01,511654,216312,2.365351899108695
Málaga,Residentes en España,2022-06-01,623015,258698,2.408271420729963
Málaga,Residentes en España,2022-07-01,954203,334995,2.8484096777563845
Málaga,Residentes en España,2022-08-01,1054152,321902,3.274760641437456
Málaga,Residentes en España,2022-09-01,572890,224895,2.5473665488339003
Málaga,Residentes en España,2022-10-01,409627,183271,2.235089021176291
Málaga,Residentes en España,2022-11-01,312872,144414,2.1664935532566094
Málaga,Residentes en España,2022-12-01,325403,150406,2.1634974668563753
Málaga,Residentes en España,2023-01-01,234979,117089,2.006840950046546
Málaga,Residentes en España,2023-02-01,304848,151277,2.0151642351448005
Málaga,Residentes en España,2023-03-01,425355,200193,2.1247246407217038
Málaga,Residentes en España,2023-04-01,500061,211742,2.3616523882838547
Málaga,Residentes en España,2023-05-01,405516,183084,2.2149177426754934
Málaga,Residentes en España,2023-06-01,595536,246981,2.4112624048003695
Málaga,Residentes en España,2023-07-01,827761,303567,2.726781896582962
Málaga,Residentes en España,2023-08-01,955822,310534,3.0779946801316442
Málaga,Residentes en España,2023-09-01,512787,205859,2.490962260576414
Málaga,Residentes en España,2023-10-01,418870,192347,2.17767888243643
Málaga,Residentes en España,2023-11-01,312401,149553,2.088898250118687
Málaga,Residentes en España,2023-12-01,320961,153016,2.097564960527004
Málaga,Residentes en España,2024-01-01,235670,128732,1.8307025448218004
Málaga,Residentes en España,2024-02-01,332350,160198,2.074620157555026
Málaga,Residentes en España,2024-03-01,486039,207072,2.347198076031525
Málaga,Residentes en España,2024-04-01,392049,182734,2.1454628038569723
Málaga,Residentes en España,2024-05-01,435035,199347,2.1823002101862583
Málaga,Residentes en España,2024-06-01,539943,234652,2.3010372807391373
Málaga,Residentes en España,2024-07-01,744573,255924,2.9093519951235525
Málaga,Residentes en España,2024-08-01,931876,288197,3.2334687730961806
Málaga,Residentes en España,2024-09-01,480451,186785,2.5722140428835294
Málaga,Residentes en España,2024-10-01,356124,164584,2.163782627715938
Málaga,Residentes en España,2024-11-01,280232,141204,1.984589671680689
Málaga,Residentes en España,2024-12-01,246894,120354,2.0513983747943567
Málaga,Residentes en España,2025-01-01,184578,97146,1.9000061762707676
Málaga,Residentes en España,2025-02-01,302301,153408,1.9705686795994994
Málaga,Residentes en España,2025-03-01,281012,132671,2.1181117199689456
Málaga,Residentes en el Extranjero,2022-01-01,314297,91950,3.4181294181620445
Málaga,Residentes en el Extranjero,2022-02-01,441381,124117,3.5561687762353262
Málaga,Residentes en el Extranjero,2022-03-01,749249,192994,3.882239862379141
Málaga,Residentes en el Extranjero,2022-04-01,1250042,317492,3.9372393635115217
Málaga,Residentes en el Extranjero,2022-05-01,1513964,374336,4.044398615147888
Málaga,Residentes en el Extranjero,2022-06-01,1538293,352500,4.363951773049646
Málaga,Residentes en el Extranjero,2022-07-01,1575458,351335,4.484204534134088
Málaga,Residentes en el Extranjero,2022-08-01,1618668,343423,4.713336031657752
Málaga,Residentes en el Extranjero,2022-09-01,1582309,395299,4.002815590224109
Málaga,Residentes en el Extranjero,2022-10-01,1505288,356494,4.222477797662794
Málaga,Residentes en el Extranjero,2022-11-01,639008,160002,3.9937500781240236
Málaga,Residentes en el Extranjero,2022-12-01,454689,133820,3.3977656553579436
Málaga,Residentes en el Extranjero,2023-01-01,524819,147553,3.5568168725813774
Málaga,Residentes en el Extranjero,2023-02-01,623536,162123,3.8460674919659765
Málaga,Residentes en el Extranjero,2023-03-01,942906,263505,3.578322991973587
Málaga,Residentes en el Extranjero,2023-04-01,1465277,389890,3.7581805124522303
Málaga,Residentes en el Extranjero,2023-05-01,1747038,441821,3.9541760124575336
Málaga,Residentes en el Extranjero,2023-06-01,1627078,371988,4.374006688387797
Málaga,Residentes en el Extranjero,2023-07-01,1741493,386126,4.510167665477073
Málaga,Residentes en el Extranjero,2023-08-01,1848907,409226,4.518058481132675
Málaga,Residentes en el Extranjero,2023-09-01,1789535,430755,4.154414922635837
Málaga,Residentes en el Extranjero,2023-10-01,1767196,431038,4.099861265132077
Málaga,Residentes en el Extranjero,2023-11-01,906125,232281,3.9009863053801217
Málaga,Residentes en el Extranjero,2023-12-01,639288,172359,3.7090491358153623
Málaga,Residentes en el Extranjero,2024-01-01,663907,179559,3.697430927995812
Málaga,Residentes en el Extranjero,2024-02-01,838547,213584,3.926075923290134
Málaga,Residentes en el Extranjero,2024-03-01,1226555,299828,4.09086209426738
Málaga,Residentes en el Extranjero,2024-04-01,1575818,422625,3.7286435965690625
Málaga,Residentes en el Extranjero,2024-05-01,1823471,462905,3.9391905466564414
Málaga,Residentes en el Extranjero,2024-06-01,1702212,400618,4.248965348536511
Málaga,Residentes en el Extranjero,2024-07-01,1763613,392984,4.487747592777314
Málaga,Residentes en el Extranjero,2024-08-01,1834319,408043,4.495406121413675
Málaga,Residentes en el Extranjero,2024-09-01,1855891,428461,4.331528423823872
Málaga,Residentes en el Extranjero,2024-10-01,1834036,438413,4.183352227237787
Málaga,Residentes en el Extranjero,2024-11-01,908302,228488,3.975272224361892
Málaga,Residentes en el Extranjero,2024-12-01,645053,172185,3.7462787118506258
Málaga,Residentes en el Extranjero,2025-01-01,657902,172623,3.811207081327517
Málaga,Residentes en el Extranjero,2025-02-01,858238,214602,3.999207835900877
Málaga,Residentes en el Extranjero,2025-03-01,1176285,290380,4.050847165782767
Sevilla,Residentes en España,2022-01-01,189848,112980,1.6803682067622587
Sevilla,Residentes en España,2022-02-01,242311,140464,1.7250754641758743
Sevilla,Residentes en España,2022-03-01,269131,151606,1.7752001899660963
Sevilla,Residentes en España,2022-04-01,316411,166182,1.9040028402594746
Sevilla,Residentes en España,2022-05-01,291585,160761,1.8137794614365423
Sevilla,Residentes en España,2022-06-01,296052,175085,1.6909044178541852
Sevilla,Residentes en España,2022-07-01,225997,138999,1.625889394887733
Sevilla,Residentes en España,2022-08-01,253516,147417,1.7197202493606571
Sevilla,Residentes en España,2022-09-01,278099,164561,1.6899447621246833
Sevilla,Residentes en España,2022-10-01,295621,163745,1.805374209899539
Sevilla,Residentes en España,2022-11-01,293812,159021,1.8476301872079788
Sevilla,Residentes en España,2022-12-01,261724,142195,1.8405991771862582
Sevilla,Residentes en España,2023-01-01,236477,135802,1.741336651890252
Sevilla,Residentes en España,2023-02-01,264978,155381,1.705343639183684
Sevilla,Residentes en España,2023-03-01,307168,166958,1.839792043507948
Sevilla,Residentes en España,2023-04-01,313102,168951,1.8532118780001303
Sevilla,Residentes en España,2023-05-01,281827,167518,1.682368461896632
Sevilla,Residentes en España,2023-06-01,264895,163255,1.6225843006339775
Sevilla,Residentes en España,2023-07-01,227117,144052,1.576632049537667
Sevilla,Residentes en España,2023-08-01,236241,139187,1.6972921321675156
Sevilla,Residentes en España,2023-09-01,254620,153142,1.662639902835277
Sevilla,Residentes en España,2023-10-01,278737,161023,1.7310384230824167
Sevilla,Residentes en España,2023-11-01,261713,145435,1.7995186853233403
Sevilla,Residentes en España,2023-12-01,300382,161030,1.8653791219027511
Sevilla,Residentes en España,2024-01-01,225917,132023,1.7111942616059324
Sevilla,Residentes en España,2024-02-01,246830,144952,1.702839560682157
Sevilla,Residentes en España,2024-03-01,284466,157047,1.8113431011098589
Sevilla,Residentes en España,2024-04-01,296722,164073,1.8084754956635156
Sevilla,Residentes en España,2024-05-01,267391,157171,1.701274408128726
Sevilla,Residentes en España,2024-06-01,256638,153061,1.6767040591659534
Sevilla,Residentes en España,2024-07-01,207142,123989,1.6706482026631395
Sevilla,Residentes en España,2024-08-01,203082,116894,1.7373175697640597
Sevilla,Residentes en España,2024-09-01,231209,137708,1.678980160920208
Sevilla,Residentes en España,2024-10-01,246396,140204,1.75741063022453
Sevilla,Residentes en España,2024-11-01,277386,155407,1.784900294066548
Sevilla,Residentes en España,2024-12-01,286312,157020,1.823411030441982
Sevilla,Residentes en España,2025-01-01,217930,128757,1.6925681710508944
Sevilla,Residentes en España,2025-02-01,222029,130467,1.7018019882422375
Sevilla,Residentes en España,2025-03-01,240496,138186,1.740378909585631
Sevilla,Residentes en el Extranjero,2022-01-01,130261,57187,2.277807893402347
Sevilla,Residentes en el Extranjero,2022-02-01,180470,75734,2.3829455726622126
Sevilla,Residentes en el Extranjero,2022-03-01,261182,107515,2.4292610333441846
Sevilla,Residentes en el Extranjero,2022-04-01,313310,132923,2.3570789103465914
Sevilla,Residentes en el Extranjero,2022-05-01,366260,162280,2.2569632733546956
Sevilla,Residentes en el Extranjero,2022-06-01,315026,138129,2.2806651753071403
Sevilla,Residentes en el Extranjero,2022-07-01,276290,123990,2.22832486490846
Sevilla,Residentes en el Extranjero,2022-08-01,363917,161425,2.2544029735171134
Sevilla,Residentes en el Extranjero,2022-09-01,357478,160402,2.228638046907146
Sevilla,Residentes en el Extranjero,2022-10-01,368174,166288,2.2140743769845086
Sevilla,Residentes en el Extranjero,2022-11-01,266893,112726,2.3676259248088285
Sevilla,Residentes en el Extranjero,2022-12-01,222580,100802,2.208091109303387
Sevilla,Residentes en el Extranjero,2023-01-01,245400,109127,2.2487560365445765
Sevilla,Residentes en el Extranjero,2023-02-01,261574,113220,2.310316198551493
Sevilla,Residentes en el Extranjero,2023-03-01,336351,147858,2.2748244937710504
Sevilla,Residentes en el Extranjero,2023-04-01,413601,182473,2.266642188159344
Sevilla,Residentes en el Extranjero,2023-05-01,410200,184996,2.217345239897079
Sevilla,Residentes en el Extranjero,2023-06-01,353690,162667,2.1743193149194364
Sevilla,Residentes en el Extranjero,2023-07-01,330669,153546,2.1535500761986635
Sevilla,Residentes en el Extranjero,2023-08-01,405536,184065,2.2032216879906557
Sevilla,Residentes en el Extranjero,2023-09-01,412657,184693,2.2342860855581965
Sevilla,Residentes en el Extranjero,2023-10-01,444740,203897,2.181199331034787
Sevilla,Residentes en el Extranjero,2023-11-01,325719,144897,2.2479347398496863
Sevilla,Residentes en el Extranjero,2023-12-01,297606,135754,2.192244795733459
Sevilla,Residentes en el Extranjero,2024-01-01,298720,133008,2.245879947070853
Sevilla,Residentes en el Extranjero,2024-02-01,341924,149405,2.288571332954051
Sevilla,Residentes en el Extranjero,2024-03-01,426838,183089,2.331314278847992
Sevilla,Residentes en el Extranjero,2024-04-01,475792,209983,2.265859617207107
Sevilla,Residentes en el Extranjero,2024-05-01,509227,225471,2.2585033108470713
Sevilla,Residentes en el Extranjero,2024-06-01,392328,178860,2.1934921167393493
Sevilla,Residentes en el Extranjero,2024-07-01,373726,170877,2.1871053447801634
Sevilla,Residentes en el Extranjero,2024-08-01,453561,201781,2.247788443907008
Sevilla,Residentes en el Extranjero,2024-09-01,462865,205911,2.2478886509220004
Sevilla,Residentes en el Extranjero,2024-10-01,522031,231532,2.2546818582312596
Sevilla,Residentes en el Extranjero,2024-11-01,369678,160203,2.307559783524653
Sevilla,Residentes en el Extranjero,2024-12-01,296605,134349,2.207720191441693
Sevilla,Residentes en el Extranjero,2025-01-01,281111,128272,2.1915227017587626
Sevilla,Residentes en el Extranjero,2025-02-01,332103,140532,2.3631841858082145
Sevilla,Residentes en el Extranjero,2025-03-01,417464,171271,2.4374470867805993
Valencia,Residentes en España,2022-01-01,167843,98146,1.710135919955984
Valencia,Residentes en España,2022-02-01,230834,134112,1.721203173466953
Valencia,Residentes en España,2022-03-01,300837,158121,1.9025746105830346
Valencia,Residentes en España,2022-04-01,405591,187588,2.1621372369234706
Valencia,Residentes en España,2022-05-01,397184,185418,2.1421005511870477
Valencia,Residentes en España,2022-06-01,459584,208777,2.2013152789818804
Valencia,Residentes en España,2022-07-01,543356,216352,2.511444312971454
Valencia,Residentes en España,2022-08-01,559409,199207,2.8081794314456823
Valencia,Residentes en España,2022-09-01,425714,181953,2.339692118294285
Valencia,Residentes en España,2022-10-01,320077,165661,1.9321204145815853
Valencia,Residentes en España,2022-11-01,275285,148180,1.8577743285193684
Valencia,Residentes en España,2022-12-01,257729,140763,1.830942790363945
Valencia,Residentes en España,2023-01-01,226343,130482,1.7346683833785503
Valencia,Residentes en España,2023-02-01,246297,140086,1.758184258241366
Valencia,Residentes en España,2023-03-01,380411,189978,2.0023950141595344
Valencia,Residentes en España,2023-04-01,426191,194351,2.1928932704231006
Valencia,Residentes en España,2023-05-01,383981,178828,2.1472084908403604
Valencia,Residentes en España,2023-06-01,471584,212128,2.2231105747473223
Valencia,Residentes en España,2023-07-01,515682,195406,2.6390284842840037
Valencia,Residentes en España,2023-08-01,552250,199350,2.7702533233007274
Valencia,Residentes en España,2023-09-01,417289,176910,2.3587643434514725
Valencia,Residentes en España,2023-10-01,336173,169872,1.9789782895356505
Valencia,Residentes en España,2023-11-01,270731,148640,1.8213872443487622
Valencia,Residentes en España,2023-12-01,252626,141843,1.781025500024675
Valencia,Residentes en España,2024-01-01,221740,126627,1.7511273267154714
Valencia,Residentes en España,2024-02-01,262125,147544,1.776588678631459
Valencia,Residentes en España,2024-03-01,402680,189731,2.122373254765958
Valencia,Residentes en España,2024-04-01,340371,167355,2.033826297391772
Valencia,Residentes en España,2024-05-01,407571,187276,2.1763119673636773
Valencia,Residentes en España,2024-06-01,470858,205561,2.290599870598022
Valencia,Residentes en España,2024-07-01,533295,207490,2.570220251578389
Valencia,Residentes en España,2024-08-01,554563,200198,2.7700726280981827
Valencia,Residentes en España,2024-09-01,438688,180247,2.433815819403374
Valencia,Residentes en España,2024-10-01,294529,145459,2.0248248647385174
Valencia,Residentes en España,2024-11-01,353334,134480,2.627409280190363
Valencia,Residentes en España,2024-12-01,247137,121539,2.0333966874830303
Valencia,Residentes en España,2025-01-01,227710,124422,1.8301425792866213
Valencia,Residentes en España,2025-02-01,251882,144188,1.7468998807112937
Valencia,Residentes en España,2025-03-01,338487,163119,2.0750924171923564
Valencia,Residentes en el Extranjero,2022-01-01,126261,49897,2.530432691344169
Valencia,Residentes en el Extranjero,2022-02-01,162717,67378,2.4149870877734574
Valencia,Residentes en el Extranjero,2022-03-01,223419,88282,2.5307423936929387
Valencia,Residentes en el Extranjero,2022-04-01,313053,117070,2.674066797642436
Valencia,Residentes en el Extranjero,2022-05-01,362273,135221,2.6791178884936513
Valencia,Residentes en el Extranjero,2022-06-01,334960,126241,2.653337663675034
Valencia,Residentes en el Extranjero,2022-07-01,405103,155496,2.6052310027267582
Valencia,Residentes en el Extranjero,2022-08-01,469110,167917,2.7937016502200493
Valencia,Residentes en el Extranjero,2022-09-01,382052,137372,2.7811489968843723
Valencia,Residentes en el Extranjero,2022-10-01,349460,139364,2.507534226916564
Valencia,Residentes en el Extranjero,2022-11-01,238221,100210,2.3772178425306856
Valencia,Residentes en el Extranjero,2022-12-01,215711,84102,2.5648736058595514
Valencia,Residentes en el Extranjero,2023-01-01,202335,86743,2.3325801505596995
Valencia,Residentes en el Extranjero,2023-02-01,217805,89102,2.4444456914547374
Valencia,Residentes en el Extranjero,2023-03-01,281939,115034,2.450918858772189
Valencia,Residentes en el Extranjero,2023-04-01,366413,138949,2.637032292423839
Valencia,Residentes en el Extranjero,2023-05-01,366773,147446,2.487507290804769
Valencia,Residentes en el Extranjero,2023-06-01,352106,140700,2.502530206112296
Valencia,Residentes en el Extranjero,2023-07-01,416375,153777,2.707654590738537
Valencia,Residentes en el Extranjero,2023-08-01,465503,170230,2.734553251483287
Valencia,Residentes en el Extranjero,2023-09-01,382035,151029,2.5295473054843773
Valencia,Residentes en el Extranjero,2023-10-01,374783,150264,2.494163605387851
Valencia,Residentes en el Extranjero,2023-11-01,271515,115319,2.3544689079856744
Valencia,Residentes en el Extranjero,2023-12-01,236870,100896,2.347664922296226
Valencia,Residentes en el Extranjero,2024-01-01,230406,97240,2.3694570135746607
Valencia,Residentes en el Extranjero,2024-02-01,270590,109399,2.473422974615856
Valencia,Residentes en el Extranjero,2024-03-01,370463,137742,2.689542768364043
Valencia,Residentes en el Extranjero,2024-04-01,424641,156875,2.7068749003984065
Valencia,Residentes en el Extranjero,2024-05-01,444683,163233,2.724222430513438
Valencia,Residentes en el Extranjero,2024-06-01,384948,149168,2.5806339161214202
Valencia,Residentes en el Extranjero,2024-07-01,444263,170893,2.5996559250525184
Valencia,Residentes en el Extranjero,2024-08-01,497588,187066,2.659959586456117
Valencia,Residentes en el Extranjero,2024-09-01,419850,163007,2.575656260160607
Valencia,Residentes en el Extranjero,2024-10-01,423218,162902,2.597991430430566
Valencia,Residentes en el Extranjero,2024-11-01,191526,80142,2.3898330463427415
Valencia,Residentes en el Extranjero,2024-12-01,198573,82348,2.411388254723855
Valencia,Residentes en el Extranjero,2025-01-01,226385,90702,2.495920707371392
Valencia,Residentes en el Extranjero,2025-02-01,256398,105641,2.427069035696368
Valencia,Residentes en el Extranjero,2025-03-01,323560,125753,2.572980366273568
