Países,Periodo,total_overnight_stays,total_travelers,avg_stay,countries
Alemania,2022-03-01,1971226,358345,5.500916714339533,Germany
Alemania,2022-04-01,2858295,565194,5.057192751515409,Germany
Alemania,2022-05-01,3668543,760733,4.822379205319081,Germany
Alemania,2022-06-01,4688446,862263,5.437373515969026,Germany
Alemania,2022-07-01,4502389,776051,5.801666385327769,Germany
Alemania,2022-08-01,4665352,801550,5.82041294990955,Germany
Alemania,2022-09-01,4793552,880931,5.441461363035243,Germany
Alemania,2022-10-01,3976465,716360,5.550931096096934,Germany
Alemania,2022-11-01,1778704,290820,6.11616807647342,Germany
Alemania,2022-12-01,1461766,236239,6.187657414736771,Germany
Alemania,2023-01-01,1527076,237872,6.419738346673841,Germany
Alemania,2023-02-01,1653987,278415,5.940725176445235,Germany
Alemania,2023-03-01,2266807,424265,5.342903609772194,Germany
Alemania,2023-04-01,3143902,640754,4.906566326546537,Germany
Alemania,2023-05-01,4113960,837369,4.912959519638296,Germany
Alemania,2023-06-01,4451013,858136,5.1868386829127315,Germany
Alemania,2023-07-01,4461214,804595,5.5446702999645785,Germany
Alemania,2023-08-01,4553050,822266,5.537198424840623,Germany
Alemania,2023-09-01,5054810,935137,5.405421879360992,Germany
Alemania,2023-10-01,4543616,800108,5.67875336829528,Germany
Alemania,2023-11-01,2004674,334775,5.9881233664401465,Germany
Alemania,2023-12-01,1634262,265222,6.161864400389108,Germany
Alemania,2024-01-01,1619813,253218,6.396910962095902,Germany
Alemania,2024-02-01,1877629,321751,5.835658630431607,Germany
Alemania,2024-03-01,2988329,544724,5.485950683281809,Germany
Alemania,2024-04-01,3249095,653273,4.973563885236341,Germany
Alemania,2024-05-01,4772876,962452,4.9590795177317935,Germany
Alemania,2024-06-01,4659133,865770,5.381490465135082,Germany
Alemania,2024-07-01,4668502,837413,5.574909871234385,Germany
Alemania,2024-08-01,4867231,856510,5.682631843177546,Germany
Alemania,2024-09-01,5083324,924225,5.500093591928373,Germany
Alemania,2024-10-01,5020351,902629,5.561920789161438,Germany
Alemania,2024-11-01,2060672,345217,5.969207773661204,Germany
Alemania,2024-12-01,1768858,284577,6.2157447720652055,Germany
Alemania,2025-01-01,1712784,264541,6.474550258750061,Germany
Alemania,2025-02-01,1830738,329212,5.560969830990365,Germany
Alemania,2025-03-01,2589544,477688,5.420994456632781,Germany
América (sin EEUU),2022-03-01,489641,192296,2.54628801431127,America (excl. USA)
América (sin EEUU),2022-04-01,675976,279019,2.4226880606697034,America (excl. USA)
América (sin EEUU),2022-05-01,843961,361850,2.33235042144535,America (excl. USA)
América (sin EEUU),2022-06-01,910477,374258,2.432752272496513,America (excl. USA)
América (sin EEUU),2022-07-01,1002778,412300,2.4321561969439727,America (excl. USA)
América (sin EEUU),2022-08-01,913442,375613,2.431870036447088,America (excl. USA)
América (sin EEUU),2022-09-01,1016207,441760,2.300359923940601,America (excl. USA)
América (sin EEUU),2022-10-01,937605,402817,2.327620234498544,America (excl. USA)
América (sin EEUU),2022-11-01,589626,245004,2.406597443307048,America (excl. USA)
América (sin EEUU),2022-12-01,508822,217689,2.3373803912921645,America (excl. USA)
América (sin EEUU),2023-01-01,572576,235376,2.4326014546937667,America (excl. USA)
América (sin EEUU),2023-02-01,508716,207331,2.453641761241686,America (excl. USA)
América (sin EEUU),2023-03-01,628363,263751,2.3824099245121344,America (excl. USA)
América (sin EEUU),2023-04-01,859247,366005,2.3476373273589157,America (excl. USA)
América (sin EEUU),2023-05-01,1080435,473902,2.2798700997252594,America (excl. USA)
América (sin EEUU),2023-06-01,1020623,445741,2.2897220583253506,America (excl. USA)
América (sin EEUU),2023-07-01,1153428,483156,2.387278642922783,America (excl. USA)
América (sin EEUU),2023-08-01,1085803,455100,2.385855855855856,America (excl. USA)
América (sin EEUU),2023-09-01,1151327,502969,2.2890615525012477,America (excl. USA)
América (sin EEUU),2023-10-01,1088466,469114,2.3202590415122977,America (excl. USA)
América (sin EEUU),2023-11-01,689288,290492,2.372829544359225,America (excl. USA)
América (sin EEUU),2023-12-01,584694,251354,2.3261774230766172,America (excl. USA)
América (sin EEUU),2024-01-01,651403,263204,2.474897797905807,America (excl. USA)
América (sin EEUU),2024-02-01,598121,235324,2.5416914551851915,America (excl. USA)
América (sin EEUU),2024-03-01,795450,318762,2.4954354659589284,America (excl. USA)
América (sin EEUU),2024-04-01,878757,367432,2.3916180408891985,America (excl. USA)
América (sin EEUU),2024-05-01,1163778,509334,2.2849014595530632,America (excl. USA)
América (sin EEUU),2024-06-01,1088701,463627,2.3482260524085095,America (excl. USA)
América (sin EEUU),2024-07-01,1239828,511500,2.4239061583577715,America (excl. USA)
América (sin EEUU),2024-08-01,1121241,461258,2.4308326359651216,America (excl. USA)
América (sin EEUU),2024-09-01,1240173,545860,2.2719616751548015,America (excl. USA)
América (sin EEUU),2024-10-01,1159491,506530,2.2890865299192544,America (excl. USA)
América (sin EEUU),2024-11-01,731629,312135,2.3439505342239735,America (excl. USA)
América (sin EEUU),2024-12-01,594863,258017,2.3055186286174942,America (excl. USA)
América (sin EEUU),2025-01-01,667281,272099,2.4523463886306085,America (excl. USA)
América (sin EEUU),2025-02-01,593210,238752,2.48462840101863,America (excl. USA)
América (sin EEUU),2025-03-01,744010,293830,2.5321104039750875,America (excl. USA)
Austria,2022-03-01,89770,22928,3.9153000697836706,Austria
Austria,2022-04-01,175205,48997,3.5758311733371433,Austria
Austria,2022-05-01,227901,61177,3.725272569756608,Austria
Austria,2022-06-01,207640,53803,3.85926435328885,Austria
Austria,2022-07-01,276350,62461,4.424360801139911,Austria
Austria,2022-08-01,262337,56108,4.675572110928923,Austria
Austria,2022-09-01,223951,56407,3.97026964738419,Austria
Austria,2022-10-01,178167,49840,3.574779293739968,Austria
Austria,2022-11-01,93936,21391,4.391379552148099,Austria
Austria,2022-12-01,78147,18129,4.31060731424789,Austria
Austria,2023-01-01,95171,18615,5.112597367714209,Austria
Austria,2023-02-01,109134,24072,4.533649052841476,Austria
Austria,2023-03-01,112131,29806,3.762027779641683,Austria
Austria,2023-04-01,194998,57200,3.409055944055944,Austria
Austria,2023-05-01,260933,68696,3.798372539885874,Austria
Austria,2023-06-01,230713,57655,4.001613043101205,Austria
Austria,2023-07-01,289721,64943,4.461158246462282,Austria
Austria,2023-08-01,299893,63084,4.753867858728045,Austria
Austria,2023-09-01,260577,62045,4.1998065919896845,Austria
Austria,2023-10-01,212340,56793,3.7388410543552903,Austria
Austria,2023-11-01,121654,27479,4.427162560500746,Austria
Austria,2023-12-01,86582,20273,4.270803531791052,Austria
Austria,2024-01-01,92645,19240,4.8152286902286905,Austria
Austria,2024-02-01,120959,28214,4.287197845041469,Austria
Austria,2024-03-01,175027,44892,3.898846119575871,Austria
Austria,2024-04-01,183930,53664,3.4274373881932023,Austria
Austria,2024-05-01,294457,79886,3.6859650001251785,Austria
Austria,2024-06-01,242578,60856,3.9860983304850794,Austria
Austria,2024-07-01,290339,65256,4.449230722079196,Austria
Austria,2024-08-01,287829,63453,4.53609758403858,Austria
Austria,2024-09-01,255532,62621,4.080611935293272,Austria
Austria,2024-10-01,231159,62476,3.6999647864780076,Austria
Austria,2024-11-01,121354,28494,4.258931704920334,Austria
Austria,2024-12-01,95396,22107,4.315194282354006,Austria
Austria,2025-01-01,104878,21770,4.817547083141938,Austria
Austria,2025-02-01,132337,32120,4.120080946450809,Austria
Austria,2025-03-01,138109,35819,3.855746949942768,Austria
Bélgica,2022-03-01,378930,78803,4.808573277667094,Belgium
Bélgica,2022-04-01,500566,119332,4.194734019374518,Belgium
Bélgica,2022-05-01,523905,128810,4.067269621923764,Belgium
Bélgica,2022-06-01,544104,123255,4.414457831325302,Belgium
Bélgica,2022-07-01,1035204,233125,4.440553351206434,Belgium
Bélgica,2022-08-01,683468,164690,4.150027324063392,Belgium
Bélgica,2022-09-01,696873,159125,4.379406127258445,Belgium
Bélgica,2022-10-01,533996,129151,4.134664075384627,Belgium
Bélgica,2022-11-01,342323,69020,4.959765285424514,Belgium
Bélgica,2022-12-01,285934,59495,4.806017312379192,Belgium
Bélgica,2023-01-01,293555,59982,4.8940515487979726,Belgium
Bélgica,2023-02-01,311754,66352,4.698486857969616,Belgium
Bélgica,2023-03-01,335966,76888,4.369550515034856,Belgium
Bélgica,2023-04-01,475320,119211,3.9872159448373052,Belgium
Bélgica,2023-05-01,674756,150287,4.48978288208561,Belgium
Bélgica,2023-06-01,522825,114500,4.566157205240175,Belgium
Bélgica,2023-07-01,981631,227444,4.315923919734089,Belgium
Bélgica,2023-08-01,724555,173132,4.184986022225816,Belgium
Bélgica,2023-09-01,727586,164049,4.435174856292937,Belgium
Bélgica,2023-10-01,582917,135392,4.305402091704089,Belgium
Bélgica,2023-11-01,357727,78287,4.5694304290622965,Belgium
Bélgica,2023-12-01,325506,67538,4.819597856021796,Belgium
Bélgica,2024-01-01,299887,63212,4.744146681009934,Belgium
Bélgica,2024-02-01,337289,75702,4.455483342580116,Belgium
Bélgica,2024-03-01,397927,96694,4.115322563964672,Belgium
Bélgica,2024-04-01,569836,137085,4.156807819965715,Belgium
Bélgica,2024-05-01,677487,153471,4.414430087769024,Belgium
Bélgica,2024-06-01,592177,134058,4.417319369228244,Belgium
Bélgica,2024-07-01,1022998,239254,4.27578222307673,Belgium
Bélgica,2024-08-01,792295,187875,4.217139055222887,Belgium
Bélgica,2024-09-01,775670,166823,4.649658620214239,Belgium
Bélgica,2024-10-01,679326,141419,4.803640246360107,Belgium
Bélgica,2024-11-01,356764,80633,4.42454082075577,Belgium
Bélgica,2024-12-01,352995,71807,4.915885637890456,Belgium
Bélgica,2025-01-01,291696,62490,4.667882861257802,Belgium
Bélgica,2025-02-01,338716,75893,4.463073010686098,Belgium
Bélgica,2025-03-01,437026,95955,4.554489083424522,Belgium
Dinamarca,2022-03-01,241815,44074,5.486568044652176,Denmark
Dinamarca,2022-04-01,255760,53475,4.7827956989247316,Denmark
Dinamarca,2022-05-01,232535,54737,4.2482233224327235,Denmark
Dinamarca,2022-06-01,181524,42486,4.272560372828696,Denmark
Dinamarca,2022-07-01,444814,92739,4.79640712106018,Denmark
Dinamarca,2022-08-01,259389,50043,5.183322342785205,Denmark
Dinamarca,2022-09-01,272629,66012,4.129991516693934,Denmark
Dinamarca,2022-10-01,321637,60784,5.291474730192156,Denmark
Dinamarca,2022-11-01,196744,37264,5.279733791326749,Denmark
Dinamarca,2022-12-01,162968,29667,5.493241648970236,Denmark
Dinamarca,2023-01-01,208137,36103,5.765088773786112,Denmark
Dinamarca,2023-02-01,243113,42814,5.67835287522773,Denmark
Dinamarca,2023-03-01,258925,49914,5.187422366470329,Denmark
Dinamarca,2023-04-01,250101,54007,4.630899698187272,Denmark
Dinamarca,2023-05-01,206370,48290,4.2735556015738245,Denmark
Dinamarca,2023-06-01,195181,44028,4.433110747706006,Denmark
Dinamarca,2023-07-01,411921,83365,4.941174353745577,Denmark
Dinamarca,2023-08-01,261526,50160,5.213835725677831,Denmark
Dinamarca,2023-09-01,234939,58557,4.012142015472104,Denmark
Dinamarca,2023-10-01,323420,66548,4.859950712267837,Denmark
Dinamarca,2023-11-01,213538,42067,5.076140442627238,Denmark
Dinamarca,2023-12-01,177892,32715,5.43762799938866,Denmark
Dinamarca,2024-01-01,212932,37190,5.725517612261361,Denmark
Dinamarca,2024-02-01,253438,43789,5.7877092420470895,Denmark
Dinamarca,2024-03-01,312051,59173,5.273536917175063,Denmark
Dinamarca,2024-04-01,218029,48779,4.469730826790217,Denmark
Dinamarca,2024-05-01,218791,54276,4.031081877809713,Denmark
Dinamarca,2024-06-01,180091,44022,4.0909318068238605,Denmark
Dinamarca,2024-07-01,422781,85252,4.959191573218224,Denmark
Dinamarca,2024-08-01,244208,46627,5.237480429793896,Denmark
Dinamarca,2024-09-01,260285,61702,4.2184207967326826,Denmark
Dinamarca,2024-10-01,322150,68122,4.729015589677344,Denmark
Dinamarca,2024-11-01,208984,41752,5.005365012454493,Denmark
Dinamarca,2024-12-01,169523,30178,5.617436543177149,Denmark
Dinamarca,2025-01-01,201754,36433,5.537671890868169,Denmark
Dinamarca,2025-02-01,249260,45503,5.477880579302464,Denmark
Dinamarca,2025-03-01,275679,49559,5.562642506910954,Denmark
Estados Unidos de América,2022-03-01,415119,160667,2.5837228553467733,USA
Estados Unidos de América,2022-04-01,536732,222759,2.4094739157564904,USA
Estados Unidos de América,2022-05-01,838841,361833,2.3183098280145815,USA
Estados Unidos de América,2022-06-01,1022960,437326,2.3391245889793884,USA
Estados Unidos de América,2022-07-01,961715,393819,2.4420228582165917,USA
Estados Unidos de América,2022-08-01,645375,260354,2.4788365072170966,USA
Estados Unidos de América,2022-09-01,890838,392915,2.2672537317231463,USA
Estados Unidos de América,2022-10-01,833401,363053,2.29553536260546,USA
Estados Unidos de América,2022-11-01,487522,196609,2.479652508277851,USA
Estados Unidos de América,2022-12-01,394602,156109,2.52773382700549,USA
Estados Unidos de América,2023-01-01,324555,122304,2.6536744505494507,USA
Estados Unidos de América,2023-02-01,348808,131354,2.655480609650258,USA
Estados Unidos de América,2023-03-01,666163,265869,2.505606144379375,USA
Estados Unidos de América,2023-04-01,808101,335189,2.410881622010269,USA
Estados Unidos de América,2023-05-01,1027692,455864,2.2543828861239317,USA
Estados Unidos de América,2023-06-01,1155467,501977,2.3018325540811633,USA
Estados Unidos de América,2023-07-01,1101227,444443,2.477768802748609,USA
Estados Unidos de América,2023-08-01,814906,338032,2.410736261655701,USA
Estados Unidos de América,2023-09-01,1075129,467826,2.2981386241893356,USA
Estados Unidos de América,2023-10-01,1044392,448050,2.3309719897332886,USA
Estados Unidos de América,2023-11-01,628841,250259,2.512760779832094,USA
Estados Unidos de América,2023-12-01,472389,191388,2.4682268480782494,USA
Estados Unidos de América,2024-01-01,388082,153304,2.531453843343944,USA
Estados Unidos de América,2024-02-01,428198,165964,2.580065556385722,USA
Estados Unidos de América,2024-03-01,799937,313915,2.5482598792666806,USA
Estados Unidos de América,2024-04-01,959950,398934,2.406287756872064,USA
Estados Unidos de América,2024-05-01,1244696,552661,2.2521871454653035,USA
Estados Unidos de América,2024-06-01,1347406,576211,2.3383899300776974,USA
Estados Unidos de América,2024-07-01,1224254,496871,2.4639272567728847,USA
Estados Unidos de América,2024-08-01,949777,394490,2.407607290425613,USA
Estados Unidos de América,2024-09-01,1170755,517019,2.2644332219899077,USA
Estados Unidos de América,2024-10-01,1133620,499034,2.271628786816129,USA
Estados Unidos de América,2024-11-01,684164,284611,2.4038564918432526,USA
Estados Unidos de América,2024-12-01,488040,197316,2.473392933163048,USA
Estados Unidos de América,2025-01-01,422042,161378,2.615238756212123,USA
Estados Unidos de América,2025-02-01,410223,162553,2.523626140397286,USA
Estados Unidos de América,2025-03-01,770543,319866,2.4089556251680393,USA
Finlandia,2022-03-01,140949,27919,5.048497439020022,Finland
Finlandia,2022-04-01,106700,24642,4.330005681357033,Finland
Finlandia,2022-05-01,89116,25211,3.534806235373448,Finland
Finlandia,2022-06-01,88595,24676,3.590330685686497,Finland
Finlandia,2022-07-01,96548,24477,3.944437635331127,Finland
Finlandia,2022-08-01,60202,15675,3.8406379585326955,Finland
Finlandia,2022-09-01,73632,22354,3.293907130714861,Finland
Finlandia,2022-10-01,177537,38249,4.64161154539988,Finland
Finlandia,2022-11-01,216982,37091,5.8499905637486185,Finland
Finlandia,2022-12-01,191414,31494,6.077792595415,Finland
Finlandia,2023-01-01,175225,29444,5.951127564189648,Finland
Finlandia,2023-02-01,179528,32467,5.529553084670589,Finland
Finlandia,2023-03-01,196226,37257,5.266822342110207,Finland
Finlandia,2023-04-01,139428,30880,4.515155440414508,Finland
Finlandia,2023-05-01,85167,23461,3.6301521674267936,Finland
Finlandia,2023-06-01,84245,22980,3.6660139251523063,Finland
Finlandia,2023-07-01,87327,23440,3.7255546075085326,Finland
Finlandia,2023-08-01,55414,14015,3.953906528719229,Finland
Finlandia,2023-09-01,94416,25067,3.7665456576375314,Finland
Finlandia,2023-10-01,219136,43654,5.019837815549549,Finland
Finlandia,2023-11-01,274594,43287,6.343567352784901,Finland
Finlandia,2023-12-01,224511,32590,6.8889536667689475,Finland
Finlandia,2024-01-01,226174,34610,6.534932100548974,Finland
Finlandia,2024-02-01,227853,36127,6.307000304481413,Finland
Finlandia,2024-03-01,259651,42542,6.1034036951718305,Finland
Finlandia,2024-04-01,156010,31206,4.999359097609434,Finland
Finlandia,2024-05-01,121403,29373,4.133149491029177,Finland
Finlandia,2024-06-01,94542,24473,3.8631144526621175,Finland
Finlandia,2024-07-01,86127,22654,3.801845148759601,Finland
Finlandia,2024-08-01,48005,12786,3.754497106209917,Finland
Finlandia,2024-09-01,101958,25284,4.03251067869008,Finland
Finlandia,2024-10-01,227566,47365,4.804518104085295,Finland
Finlandia,2024-11-01,230542,40038,5.758079824167042,Finland
Finlandia,2024-12-01,211184,31628,6.67712153787783,Finland
Finlandia,2025-01-01,177652,28588,6.21421575486218,Finland
Finlandia,2025-02-01,193950,32833,5.907166570218987,Finland
Finlandia,2025-03-01,216241,40093,5.3934851470331475,Finland
Francia,2022-03-01,767468,276873,2.771913476575903,France
Francia,2022-04-01,1486007,509757,2.915128188529044,France
Francia,2022-05-01,1963996,688452,2.8527711445387625,France
Francia,2022-06-01,1651129,557755,2.960312323511219,France
Francia,2022-07-01,2382480,748958,3.1810595520710105,France
Francia,2022-08-01,3699046,1054575,3.5076177607092904,France
Francia,2022-09-01,1837514,594211,3.092359448074842,France
Francia,2022-10-01,1745157,598164,2.917522619214797,France
Francia,2022-11-01,732149,283356,2.5838485862307485,France
Francia,2022-12-01,713753,272172,2.6224336081595463,France
Francia,2023-01-01,634540,224999,2.8201903119569423,France
Francia,2023-02-01,830127,295528,2.8089622641509435,France
Francia,2023-03-01,840882,316646,2.6555901543048073,France
Francia,2023-04-01,1737664,595525,2.9178691070903824,France
Francia,2023-05-01,2214128,770117,2.8750540502287314,France
Francia,2023-06-01,1665248,554215,3.004696733217253,France
Francia,2023-07-01,2378675,737817,3.223936287724463,France
Francia,2023-08-01,3530465,1013707,3.4827272574816983,France
Francia,2023-09-01,1963100,625640,3.1377469471261428,France
Francia,2023-10-01,1847246,621677,2.9713918964349655,France
Francia,2023-11-01,741958,279934,2.6504747547636227,France
Francia,2023-12-01,703630,284341,2.4745991608667057,France
Francia,2024-01-01,672760,243554,2.762262167732823,France
Francia,2024-02-01,822411,304882,2.697473120748355,France
Francia,2024-03-01,947890,344693,2.749954307166087,France
Francia,2024-04-01,1811510,627669,2.886091235985846,France
Francia,2024-05-01,2460504,814599,3.020509477669381,France
Francia,2024-06-01,1791538,567874,3.154816033134111,France
Francia,2024-07-01,2447036,726109,3.370067028503985,France
Francia,2024-08-01,3678715,1062651,3.461828013148249,France
Francia,2024-09-01,2038975,637240,3.199697131379072,France
Francia,2024-10-01,1966848,662396,2.969293292833894,France
Francia,2024-11-01,738702,292503,2.525451021015169,France
Francia,2024-12-01,700488,282238,2.4819053422997612,France
Francia,2025-01-01,712226,250257,2.845978334272368,France
Francia,2025-02-01,863678,314559,2.745678871054397,France
Francia,2025-03-01,878490,325921,2.6954077828676275,France
Grecia,2022-03-01,32982,9250,3.5656216216216214,Greece
Grecia,2022-04-01,36685,12221,3.0018001800180016,Greece
Grecia,2022-05-01,40031,13137,3.0471949455735707,Greece
Grecia,2022-06-01,38978,12880,3.026242236024845,Greece
Grecia,2022-07-01,40740,13561,3.004203229850306,Greece
Grecia,2022-08-01,48321,15937,3.032001003953065,Greece
Grecia,2022-09-01,32626,11564,2.8213420961604982,Greece
Grecia,2022-10-01,43164,14643,2.9477566072526122,Greece
Grecia,2022-11-01,38446,12329,3.1183388758212347,Greece
Grecia,2022-12-01,28878,9732,2.967324290998767,Greece
Grecia,2023-01-01,26684,8761,3.0457710307042576,Greece
Grecia,2023-02-01,35046,10237,3.4234639054410474,Greece
Grecia,2023-03-01,39390,12056,3.267252820172528,Greece
Grecia,2023-04-01,51925,17258,3.008749565418936,Greece
Grecia,2023-05-01,35980,12464,2.8867137355584083,Greece
Grecia,2023-06-01,38133,14364,2.6547619047619047,Greece
Grecia,2023-07-01,44515,14547,3.0600811163813844,Greece
Grecia,2023-08-01,50242,17091,2.939675852788017,Greece
Grecia,2023-09-01,37638,13487,2.790687328538593,Greece
Grecia,2023-10-01,41673,14706,2.8337413300693592,Greece
Grecia,2023-11-01,38322,14218,2.695315796877198,Greece
Grecia,2023-12-01,38730,13188,2.9367606915377618,Greece
Grecia,2024-01-01,29472,11527,2.556779734536306,Greece
Grecia,2024-02-01,43229,12941,3.340468279112897,Greece
Grecia,2024-03-01,47870,14709,3.254470052348902,Greece
Grecia,2024-04-01,39956,15050,2.6548837209302327,Greece
Grecia,2024-05-01,45445,16718,2.7183275511424814,Greece
Grecia,2024-06-01,44344,16645,2.664103334334635,Greece
Grecia,2024-07-01,46005,15354,2.9962876123485738,Greece
Grecia,2024-08-01,47147,16677,2.827067218324639,Greece
Grecia,2024-09-01,39476,14661,2.692585771775459,Greece
Grecia,2024-10-01,40378,14462,2.7920066380860185,Greece
Grecia,2024-11-01,37177,13386,2.7773046466457494,Greece
Grecia,2024-12-01,35491,11242,3.1570005337128624,Greece
Grecia,2025-01-01,32564,13120,2.482012195121951,Greece
Grecia,2025-02-01,41681,13541,3.0781330773207296,Greece
Grecia,2025-03-01,42951,15759,2.7254901960784315,Greece
Irlanda,2022-03-01,266880,60501,4.411166757574255,Ireland
Irlanda,2022-04-01,423287,99375,4.259491823899371,Ireland
Irlanda,2022-05-01,589362,133430,4.417012665817283,Ireland
Irlanda,2022-06-01,709437,137175,5.171765992345544,Ireland
Irlanda,2022-07-01,746222,135486,5.5077424973798035,Ireland
Irlanda,2022-08-01,680463,128508,5.295102250443552,Ireland
Irlanda,2022-09-01,699535,154968,4.514060967425533,Ireland
Irlanda,2022-10-01,531972,117981,4.508963307651232,Ireland
Irlanda,2022-11-01,278862,58029,4.805562735873442,Ireland
Irlanda,2022-12-01,215052,44892,4.7904303662122425,Ireland
Irlanda,2023-01-01,267148,52740,5.065377322715206,Ireland
Irlanda,2023-02-01,270757,57047,4.746209266043788,Ireland
Irlanda,2023-03-01,309428,70198,4.407931849910254,Ireland
Irlanda,2023-04-01,526043,126674,4.1527306313844985,Ireland
Irlanda,2023-05-01,681894,152793,4.462861518525063,Ireland
Irlanda,2023-06-01,805595,156683,5.141559709732389,Ireland
Irlanda,2023-07-01,843580,154419,5.4629287846702805,Ireland
Irlanda,2023-08-01,781883,152649,5.122097098572542,Ireland
Irlanda,2023-09-01,797076,176614,4.513096357027189,Ireland
Irlanda,2023-10-01,667551,146250,4.564451282051282,Ireland
Irlanda,2023-11-01,334179,70387,4.747737508346712,Ireland
Irlanda,2023-12-01,268118,57019,4.702257142356057,Ireland
Irlanda,2024-01-01,342315,68131,5.024364826584081,Ireland
Irlanda,2024-02-01,331926,72555,4.574819102749638,Ireland
Irlanda,2024-03-01,403321,89912,4.485730492036658,Ireland
Irlanda,2024-04-01,556977,136455,4.081763218643509,Ireland
Irlanda,2024-05-01,827877,186613,4.436330802248504,Ireland
Irlanda,2024-06-01,892946,179050,4.9871320860094945,Ireland
Irlanda,2024-07-01,917295,166386,5.513053982907215,Ireland
Irlanda,2024-08-01,831162,157370,5.281578445701213,Ireland
Irlanda,2024-09-01,884399,189726,4.661453886130525,Ireland
Irlanda,2024-10-01,725431,156365,4.639343842931602,Ireland
Irlanda,2024-11-01,326976,71137,4.596426613436046,Ireland
Irlanda,2024-12-01,268811,55993,4.800796528137446,Ireland
Irlanda,2025-01-01,359451,70873,5.071762166128145,Ireland
Irlanda,2025-02-01,341776,75009,4.556466557346452,Ireland
Irlanda,2025-03-01,395626,92158,4.292910002387204,Ireland
Italia,2022-03-01,440198,150285,2.9290880660079184,Italy
Italia,2022-04-01,593722,208141,2.8524990271018202,Italy
Italia,2022-05-01,690066,255672,2.6990284426921995,Italy
Italia,2022-06-01,920470,292664,3.145142552551732,Italy
Italia,2022-07-01,1159710,320514,3.618281884722664,Italy
Italia,2022-08-01,1773605,484390,3.6615227399409567,Italy
Italia,2022-09-01,971011,295884,3.2817286504170555,Italy
Italia,2022-10-01,681048,245017,2.77959488525286,Italy
Italia,2022-11-01,472097,163395,2.8892989381560024,Italy
Italia,2022-12-01,443467,156910,2.8262507169715123,Italy
Italia,2023-01-01,541879,171322,3.162927119692742,Italy
Italia,2023-02-01,481940,157089,3.0679423766145306,Italy
Italia,2023-03-01,575925,203945,2.8239231165265144,Italy
Italia,2023-04-01,739851,268582,2.754655933755799,Italy
Italia,2023-05-01,773655,281024,2.7529855101343657,Italy
Italia,2023-06-01,966271,307839,3.1388842869162126,Italy
Italia,2023-07-01,1240864,352978,3.5154145584144056,Italy
Italia,2023-08-01,1903428,535344,3.5555231776203713,Italy
Italia,2023-09-01,1013267,315872,3.2078405176780467,Italy
Italia,2023-10-01,714811,265751,2.6897772727101685,Italy
Italia,2023-11-01,543701,192385,2.826109104140136,Italy
Italia,2023-12-01,533064,192995,2.762061193295163,Italy
Italia,2024-01-01,580111,185269,3.131182226924094,Italy
Italia,2024-02-01,547433,180397,3.034601462330305,Italy
Italia,2024-03-01,689604,242774,2.840518342161846,Italy
Italia,2024-04-01,818993,301247,2.7186760366078335,Italy
Italia,2024-05-01,884377,321732,2.7488002436810763,Italy
Italia,2024-06-01,1017193,332534,3.0589142764348907,Italy
Italia,2024-07-01,1318854,372076,3.544582289639751,Italy
Italia,2024-08-01,2014359,549553,3.665449920207878,Italy
Italia,2024-09-01,1035250,320814,3.226947701783588,Italy
Italia,2024-10-01,742425,276110,2.6888739994929556,Italy
Italia,2024-11-01,551027,197559,2.7891769041147203,Italy
Italia,2024-12-01,530659,194592,2.7270339993422135,Italy
Italia,2025-01-01,601576,191989,3.1333878503455925,Italy
Italia,2025-02-01,553958,188839,2.9334936109596006,Italy
Italia,2025-03-01,653659,229774,2.8447909685168904,Italy
Japón,2022-03-01,14146,4861,2.910100802304053,Japan
Japón,2022-04-01,20113,7907,2.543695459719236,Japan
Japón,2022-05-01,20421,8241,2.477975973789589,Japan
Japón,2022-06-01,24511,11087,2.2107874086768287,Japan
Japón,2022-07-01,29439,10452,2.8165901262916186,Japan
Japón,2022-08-01,29213,11942,2.4462401607770894,Japan
Japón,2022-09-01,31807,14129,2.2511855049897376,Japan
Japón,2022-10-01,33290,16157,2.060407253821873,Japan
Japón,2022-11-01,29125,13423,2.169783207926693,Japan
Japón,2022-12-01,27506,13261,2.0742025488273885,Japan
Japón,2023-01-01,28375,13433,2.112335293679744,Japan
Japón,2023-02-01,41741,19051,2.191013595086872,Japan
Japón,2023-03-01,43846,21131,2.0749609578344614,Japan
Japón,2023-04-01,46060,21464,2.145918747670518,Japan
Japón,2023-05-01,52327,26989,1.9388269294897922,Japan
Japón,2023-06-01,50878,26099,1.9494233495536228,Japan
Japón,2023-07-01,48075,22657,2.12186079357373,Japan
Japón,2023-08-01,57167,26360,2.168702579666161,Japan
Japón,2023-09-01,74408,35613,2.089349394883891,Japan
Japón,2023-10-01,68240,34799,1.9609758901117849,Japan
Japón,2023-11-01,58834,28743,2.046898375256584,Japan
Japón,2023-12-01,54371,26533,2.0491840349753137,Japan
Japón,2024-01-01,48896,24668,1.9821631263174964,Japan
Japón,2024-02-01,67149,31851,2.108222661768861,Japan
Japón,2024-03-01,70076,32813,2.135616981074574,Japan
Japón,2024-04-01,65096,32694,1.9910686976203584,Japan
Japón,2024-05-01,74885,38108,1.9650729505615618,Japan
Japón,2024-06-01,73447,37936,1.9360765499789119,Japan
Japón,2024-07-01,56904,27701,2.0542218692465974,Japan
Japón,2024-08-01,68629,33878,2.0257689355924198,Japan
Japón,2024-09-01,82141,39784,2.0646742409008647,Japan
Japón,2024-10-01,72561,37935,1.9127718465796757,Japan
Japón,2024-11-01,61593,31239,1.9716700278498032,Japan
Japón,2024-12-01,67243,32605,2.0623523999386597,Japan
Japón,2025-01-01,60598,28733,2.1090035847283612,Japan
Japón,2025-02-01,74223,37691,1.9692499535698178,Japan
Japón,2025-03-01,85190,40196,2.119365110956314,Japan
Luxemburgo,2022-03-01,20829,4242,4.91018387553041,Luxembourg
Luxemburgo,2022-04-01,43878,9170,4.78495092693566,Luxembourg
Luxemburgo,2022-05-01,48182,9902,4.865885679660675,Luxembourg
Luxemburgo,2022-06-01,42535,9182,4.6324330211282945,Luxembourg
Luxemburgo,2022-07-01,43630,9609,4.540534915183682,Luxembourg
Luxemburgo,2022-08-01,77771,15901,4.890950254700962,Luxembourg
Luxemburgo,2022-09-01,55075,9899,5.563693302353773,Luxembourg
Luxemburgo,2022-10-01,36324,8253,4.401308615049073,Luxembourg
Luxemburgo,2022-11-01,25820,4436,5.820559062218215,Luxembourg
Luxemburgo,2022-12-01,25228,5050,4.995643564356436,Luxembourg
Luxemburgo,2023-01-01,25938,4329,5.991683991683992,Luxembourg
Luxemburgo,2023-02-01,24972,4893,5.103617412630288,Luxembourg
Luxemburgo,2023-03-01,26364,5282,4.991291177584248,Luxembourg
Luxemburgo,2023-04-01,43066,9578,4.49634579244101,Luxembourg
Luxemburgo,2023-05-01,41755,10068,4.147298371076679,Luxembourg
Luxemburgo,2023-06-01,43178,11154,3.8710776403084095,Luxembourg
Luxemburgo,2023-07-01,46482,10281,4.521155529617741,Luxembourg
Luxemburgo,2023-08-01,69858,13730,5.087982520029133,Luxembourg
Luxemburgo,2023-09-01,63599,11309,5.623750994782916,Luxembourg
Luxemburgo,2023-10-01,41327,9116,4.533457656867047,Luxembourg
Luxemburgo,2023-11-01,25420,5262,4.830862789813759,Luxembourg
Luxemburgo,2023-12-01,27113,5196,5.218052347959969,Luxembourg
Luxemburgo,2024-01-01,24692,3891,6.345926497044462,Luxembourg
Luxemburgo,2024-02-01,25070,5001,5.012997400519896,Luxembourg
Luxemburgo,2024-03-01,28907,6342,4.558025859350363,Luxembourg
Luxemburgo,2024-04-01,53492,11274,4.744722370054994,Luxembourg
Luxemburgo,2024-05-01,53843,11681,4.609451245612533,Luxembourg
Luxemburgo,2024-06-01,40882,8928,4.579077060931899,Luxembourg
Luxemburgo,2024-07-01,41507,9221,4.501355601344756,Luxembourg
Luxemburgo,2024-08-01,72420,15544,4.6590324240864645,Luxembourg
Luxemburgo,2024-09-01,65292,11848,5.510803511141121,Luxembourg
Luxemburgo,2024-10-01,42182,8979,4.697850540149237,Luxembourg
Luxemburgo,2024-11-01,28363,5701,4.975092089107174,Luxembourg
Luxemburgo,2024-12-01,27832,5538,5.0256410256410255,Luxembourg
Luxemburgo,2025-01-01,24221,4812,5.033458021612635,Luxembourg
Luxemburgo,2025-02-01,26903,5180,5.193629343629343,Luxembourg
Luxemburgo,2025-03-01,26367,6541,4.031035009937319,Luxembourg
Noruega,2022-03-01,214894,35781,6.0058131410525135,Norway
Noruega,2022-04-01,211008,44998,4.689275078892395,Norway
Noruega,2022-05-01,198231,48649,4.074718904807909,Norway
Noruega,2022-06-01,236042,54021,4.369448918013365,Norway
Noruega,2022-07-01,408179,88758,4.598785461592194,Norway
Noruega,2022-08-01,209848,42360,4.953918791312559,Norway
Noruega,2022-09-01,228604,56915,4.016586137222173,Norway
Noruega,2022-10-01,320957,67438,4.759290014531866,Norway
Noruega,2022-11-01,281236,46624,6.0320006863417985,Norway
Noruega,2022-12-01,205590,31771,6.470995561990494,Norway
Noruega,2023-01-01,216925,35622,6.089635618438044,Norway
Noruega,2023-02-01,257487,40567,6.347203391919541,Norway
Noruega,2023-03-01,296387,48443,6.118262700493363,Norway
Noruega,2023-04-01,237343,49732,4.772440279900265,Norway
Noruega,2023-05-01,197613,46367,4.261931977483987,Norway
Noruega,2023-06-01,237382,49107,4.833974789744843,Norway
Noruega,2023-07-01,389425,72823,5.347555030690853,Norway
Noruega,2023-08-01,196179,37768,5.1943179411141704,Norway
Noruega,2023-09-01,219403,55502,3.953064754423264,Norway
Noruega,2023-10-01,323588,62029,5.216721211046446,Norway
Noruega,2023-11-01,278288,42618,6.529823079449998,Norway
Noruega,2023-12-01,193009,30854,6.255558436507422,Norway
Noruega,2024-01-01,233547,39149,5.965592990880993,Norway
Noruega,2024-02-01,295299,44226,6.677045177045177,Norway
Noruega,2024-03-01,321027,53490,6.001626472237802,Norway
Noruega,2024-04-01,210264,44874,4.685653162187458,Norway
Noruega,2024-05-01,195562,45808,4.26916695773664,Norway
Noruega,2024-06-01,217995,47802,4.560374042927074,Norway
Noruega,2024-07-01,375173,71796,5.2255418129143685,Norway
Noruega,2024-08-01,168724,32483,5.194224671366561,Norway
Noruega,2024-09-01,219289,51380,4.267983651226158,Norway
Noruega,2024-10-01,336338,67408,4.989585805839069,Norway
Noruega,2024-11-01,271747,43047,6.312797639789068,Norway
Noruega,2024-12-01,197454,32112,6.148916292974589,Norway
Noruega,2025-01-01,227969,35656,6.39356630020193,Norway
Noruega,2025-02-01,306521,44355,6.910630143163115,Norway
Noruega,2025-03-01,281017,43775,6.419577384351799,Norway
Otros Países Europeos,2022-03-01,369536,96776,3.818467388608746,Other Europe
Otros Países Europeos,2022-04-01,498562,119231,4.181479648749067,Other Europe
Otros Países Europeos,2022-05-01,513472,130622,3.9309764051997367,Other Europe
Otros Países Europeos,2022-06-01,580114,144417,4.016937064196044,Other Europe
Otros Países Europeos,2022-07-01,736901,163770,4.499609208035659,Other Europe
Otros Países Europeos,2022-08-01,697477,156661,4.45214188598311,Other Europe
Otros Países Europeos,2022-09-01,631716,166271,3.7993155751754664,Other Europe
Otros Países Europeos,2022-10-01,523225,145433,3.597704785021281,Other Europe
Otros Países Europeos,2022-11-01,346939,99831,3.4752631947992105,Other Europe
Otros Países Europeos,2022-12-01,347513,102352,3.3952731749257463,Other Europe
Otros Países Europeos,2023-01-01,358726,103993,3.4495206408123624,Other Europe
Otros Países Europeos,2023-02-01,311507,92304,3.374794158433004,Other Europe
Otros Países Europeos,2023-03-01,367971,113904,3.2305362410450904,Other Europe
Otros Países Europeos,2023-04-01,458938,139081,3.299789331396812,Other Europe
Otros Países Europeos,2023-05-01,455061,139470,3.2627876962787696,Other Europe
Otros Países Europeos,2023-06-01,619570,172649,3.588610417668217,Other Europe
Otros Países Europeos,2023-07-01,771119,196146,3.9313521560470264,Other Europe
Otros Países Europeos,2023-08-01,678895,177389,3.827153882146018,Other Europe
Otros Países Europeos,2023-09-01,583423,166424,3.505642215065135,Other Europe
Otros Países Europeos,2023-10-01,481729,146458,3.2891955372871404,Other Europe
Otros Países Europeos,2023-11-01,324109,110850,2.923852052322959,Other Europe
Otros Países Europeos,2023-12-01,307868,103690,2.969119490789854,Other Europe
Otros Países Europeos,2024-01-01,317735,106311,2.9887311755133523,Other Europe
Otros Países Europeos,2024-02-01,354319,108579,3.2632369058473554,Other Europe
Otros Países Europeos,2024-03-01,417999,132694,3.1500972161514462,Other Europe
Otros Países Europeos,2024-04-01,459944,160305,2.8691806244346716,Other Europe
Otros Países Europeos,2024-05-01,569854,183392,3.1073002093875415,Other Europe
Otros Países Europeos,2024-06-01,672966,191533,3.5135772947742687,Other Europe
Otros Países Europeos,2024-07-01,865581,220764,3.920843072240039,Other Europe
Otros Países Europeos,2024-08-01,756051,205474,3.679545830616039,Other Europe
Otros Países Europeos,2024-09-01,779595,207652,3.7543341744842333,Other Europe
Otros Países Europeos,2024-10-01,588572,186301,3.1592530367523524,Other Europe
Otros Países Europeos,2024-11-01,336486,117920,2.853510854816825,Other Europe
Otros Países Europeos,2024-12-01,305325,101885,2.996761054129656,Other Europe
Otros Países Europeos,2025-01-01,354097,118388,2.9909872622225224,Other Europe
Otros Países Europeos,2025-02-01,330179,103077,3.203226714009915,Other Europe
Otros Países Europeos,2025-03-01,369786,129833,2.8481664907997195,Other Europe
Países Bajos,2022-03-01,541843,128193,4.226775252938928,Netherlands
Países Bajos,2022-04-01,760745,200240,3.7991660007990413,Netherlands
Países Bajos,2022-05-01,1164861,267278,4.3582374905529075,Netherlands
Países Bajos,2022-06-01,1010520,228625,4.419989065062876,Netherlands
Países Bajos,2022-07-01,1334873,307323,4.343550596603573,Netherlands
Países Bajos,2022-08-01,1571343,326268,4.816111295009011,Netherlands
Países Bajos,2022-09-01,1124274,256111,4.3897919261570175,Netherlands
Países Bajos,2022-10-01,886386,211127,4.198354544894779,Netherlands
Países Bajos,2022-11-01,414227,106833,3.877331910551983,Netherlands
Países Bajos,2022-12-01,355202,84441,4.206511055056193,Netherlands
Países Bajos,2023-01-01,432709,104460,4.142341566149723,Netherlands
Países Bajos,2023-02-01,424906,104754,4.05622696985318,Netherlands
Países Bajos,2023-03-01,502268,130150,3.859147137917787,Netherlands
Países Bajos,2023-04-01,829492,217441,3.8147911387456825,Netherlands
Países Bajos,2023-05-01,1041196,246257,4.228086917326208,Netherlands
Países Bajos,2023-06-01,1055908,247274,4.270194197529865,Netherlands
Países Bajos,2023-07-01,1329781,309905,4.2909310917861925,Netherlands
Países Bajos,2023-08-01,1620348,331299,4.890893120715728,Netherlands
Países Bajos,2023-09-01,1266504,276962,4.572843928047891,Netherlands
Países Bajos,2023-10-01,1013787,232544,4.359549160588964,Netherlands
Países Bajos,2023-11-01,453594,115945,3.912148001207469,Netherlands
Países Bajos,2023-12-01,398031,96042,4.1443430998937965,Netherlands
Países Bajos,2024-01-01,490405,116770,4.1997516485398645,Netherlands
Países Bajos,2024-02-01,535759,127067,4.216350429301078,Netherlands
Países Bajos,2024-03-01,548953,137899,3.980833798649736,Netherlands
Países Bajos,2024-04-01,791931,217607,3.639271714604769,Netherlands
Países Bajos,2024-05-01,1356459,299842,4.5239125939661555,Netherlands
Países Bajos,2024-06-01,1222064,269906,4.527739287011033,Netherlands
Países Bajos,2024-07-01,1600557,352110,4.545616426684843,Netherlands
Países Bajos,2024-08-01,1617558,337490,4.7929064564876,Netherlands
Países Bajos,2024-09-01,1343263,293680,4.573900163443203,Netherlands
Países Bajos,2024-10-01,1095827,247021,4.436169394504921,Netherlands
Países Bajos,2024-11-01,515610,127131,4.0557377822875615,Netherlands
Países Bajos,2024-12-01,424879,102880,4.129850311041991,Netherlands
Países Bajos,2025-01-01,480152,116105,4.135498040566729,Netherlands
Países Bajos,2025-02-01,533644,126748,4.210275507305835,Netherlands
Países Bajos,2025-03-01,599200,152307,3.9341592966836716,Netherlands
Polonia,2022-03-01,199521,44952,4.438534436732515,Poland
Polonia,2022-04-01,254084,63343,4.011240389624741,Poland
Polonia,2022-05-01,397558,89592,4.437427448879364,Poland
Polonia,2022-06-01,543537,112585,4.827792334680463,Poland
Polonia,2022-07-01,678750,121357,5.593002463805137,Poland
Polonia,2022-08-01,599393,109881,5.454928513573775,Poland
Polonia,2022-09-01,567143,114825,4.939194426300893,Poland
Polonia,2022-10-01,398298,94042,4.235320388762468,Poland
Polonia,2022-11-01,188236,48748,3.86140969885944,Poland
Polonia,2022-12-01,187748,42348,4.433456125436857,Poland
Polonia,2023-01-01,239561,54889,4.364462824974039,Poland
Polonia,2023-02-01,269603,60585,4.449995873566064,Poland
Polonia,2023-03-01,254447,62908,4.044747885801488,Poland
Polonia,2023-04-01,353756,94301,3.7513494024453613,Poland
Polonia,2023-05-01,506833,115088,4.403873557625469,Poland
Polonia,2023-06-01,637338,130829,4.87153459859817,Poland
Polonia,2023-07-01,782672,146803,5.331444180296043,Poland
Polonia,2023-08-01,704398,131818,5.343716336160464,Poland
Polonia,2023-09-01,718880,143550,5.007871821664925,Poland
Polonia,2023-10-01,498379,112801,4.418214377532114,Poland
Polonia,2023-11-01,271071,70702,3.8339933806681565,Poland
Polonia,2023-12-01,236583,56322,4.20054330457015,Poland
Polonia,2024-01-01,324211,76597,4.232685353212267,Poland
Polonia,2024-02-01,345291,77999,4.4268644469800895,Poland
Polonia,2024-03-01,337971,84928,3.9795002825923134,Poland
Polonia,2024-04-01,410206,111462,3.680231827887531,Poland
Polonia,2024-05-01,636295,147356,4.3180800238877275,Poland
Polonia,2024-06-01,809490,152347,5.313462030758728,Poland
Polonia,2024-07-01,871378,158727,5.489790646833872,Poland
Polonia,2024-08-01,838195,155991,5.373354873037547,Poland
Polonia,2024-09-01,812722,163257,4.978175514679309,Poland
Polonia,2024-10-01,524180,125600,4.173407643312102,Poland
Polonia,2024-11-01,282148,74616,3.781333762195776,Poland
Polonia,2024-12-01,246314,58210,4.231472255626181,Poland
Polonia,2025-01-01,337468,72292,4.668123720466995,Poland
Polonia,2025-02-01,433106,95004,4.558818576059956,Poland
Polonia,2025-03-01,385357,95448,4.037350180202833,Poland
Portugal,2022-03-01,173611,79235,2.191089796175932,Portugal
Portugal,2022-04-01,357552,157339,2.2724944228703627,Portugal
Portugal,2022-05-01,272413,120365,2.263224359240643,Portugal
Portugal,2022-06-01,563887,199570,2.825509846169264,Portugal
Portugal,2022-07-01,621349,208687,2.977420730567788,Portugal
Portugal,2022-08-01,1047020,316463,3.3085068396621407,Portugal
Portugal,2022-09-01,677034,205600,3.2929669260700387,Portugal
Portugal,2022-10-01,305894,134860,2.2682337238617825,Portugal
Portugal,2022-11-01,176193,85628,2.0576563740832436,Portugal
Portugal,2022-12-01,213573,111951,1.90773642039821,Portugal
Portugal,2023-01-01,163786,82766,1.9789043810260252,Portugal
Portugal,2023-02-01,229762,109844,2.0917118823058156,Portugal
Portugal,2023-03-01,208726,99783,2.091799204273273,Portugal
Portugal,2023-04-01,462595,194126,2.382962611911851,Portugal
Portugal,2023-05-01,326122,137771,2.3671309637006335,Portugal
Portugal,2023-06-01,570429,198834,2.8688705151030507,Portugal
Portugal,2023-07-01,775471,238855,3.246618241192355,Portugal
Portugal,2023-08-01,1227651,357426,3.4346997700223265,Portugal
Portugal,2023-09-01,777119,227742,3.4122779285331646,Portugal
Portugal,2023-10-01,344079,146895,2.342346574083529,Portugal
Portugal,2023-11-01,193958,98114,1.9768636484089936,Portugal
Portugal,2023-12-01,253428,137950,1.8371003986951795,Portugal
Portugal,2024-01-01,173563,87823,1.9762818396092139,Portugal
Portugal,2024-02-01,225585,109612,2.05803196730285,Portugal
Portugal,2024-03-01,252192,122916,2.0517426535194767,Portugal
Portugal,2024-04-01,395995,175136,2.261071395943724,Portugal
Portugal,2024-05-01,359856,158565,2.2694541670608266,Portugal
Portugal,2024-06-01,672854,230098,2.9242062077897244,Portugal
Portugal,2024-07-01,861843,253702,3.3970682138887356,Portugal
Portugal,2024-08-01,1352742,388253,3.484176554978326,Portugal
Portugal,2024-09-01,803805,236190,3.403213514543376,Portugal
Portugal,2024-10-01,351518,149511,2.3511179779414224,Portugal
Portugal,2024-11-01,218616,108718,2.0108537684652035,Portugal
Portugal,2024-12-01,227883,127393,1.788818851899241,Portugal
Portugal,2025-01-01,187249,91656,2.042954089203107,Portugal
Portugal,2025-02-01,178380,91856,1.941952621494513,Portugal
Portugal,2025-03-01,262165,129151,2.0299107246556356,Portugal
Reino Unido,2022-03-01,2533178,481097,5.265420486928831,UK
Reino Unido,2022-04-01,3499739,710060,4.9287933414077685,UK
Reino Unido,2022-05-01,5562875,1117705,4.977051189714638,UK
Reino Unido,2022-06-01,6795442,1223994,5.551858914341083,UK
Reino Unido,2022-07-01,7004436,1246024,5.621429442771568,UK
Reino Unido,2022-08-01,7294732,1221354,5.9726598512798095,UK
Reino Unido,2022-09-01,6768744,1237605,5.4692280654974725,UK
Reino Unido,2022-10-01,5359407,957600,5.596707393483709,UK
Reino Unido,2022-11-01,2385127,448512,5.317866634560502,UK
Reino Unido,2022-12-01,2272697,416521,5.4563803505705595,UK
Reino Unido,2023-01-01,2120727,358996,5.907383369174029,UK
Reino Unido,2023-02-01,2358247,450143,5.238884087945387,UK
Reino Unido,2023-03-01,2958064,592671,4.991072618704138,UK
Reino Unido,2023-04-01,3816795,786934,4.850209801584377,UK
Reino Unido,2023-05-01,6286436,1214064,5.1780103849549945,UK
Reino Unido,2023-06-01,7098445,1313714,5.403341214297785,UK
Reino Unido,2023-07-01,7244055,1297386,5.583577285403111,UK
Reino Unido,2023-08-01,7488102,1285936,5.823075176369586,UK
Reino Unido,2023-09-01,7237750,1315229,5.5030340723934765,UK
Reino Unido,2023-10-01,6003348,1077224,5.5729801786815,UK
Reino Unido,2023-11-01,2749562,520064,5.286968526950529,UK
Reino Unido,2023-12-01,2475906,448005,5.526514213011016,UK
Reino Unido,2024-01-01,2453646,428802,5.722095512614214,UK
Reino Unido,2024-02-01,2669132,519513,5.137757861689698,UK
Reino Unido,2024-03-01,3429706,689776,4.972202570109717,UK
Reino Unido,2024-04-01,4126831,851335,4.847481896080861,UK
Reino Unido,2024-05-01,6559184,1325792,4.947370326567063,UK
Reino Unido,2024-06-01,7445114,1361291,5.469156851841377,UK
Reino Unido,2024-07-01,7265921,1276931,5.690143790071664,UK
Reino Unido,2024-08-01,7622795,1314030,5.801081406056178,UK
Reino Unido,2024-09-01,7286957,1350947,5.393962161357922,UK
Reino Unido,2024-10-01,6109605,1109754,5.505368757400289,UK
Reino Unido,2024-11-01,2814948,548127,5.135576244191584,UK
Reino Unido,2024-12-01,2484228,451447,5.502812068747827,UK
Reino Unido,2025-01-01,2595491,448225,5.7905984717496795,UK
Reino Unido,2025-02-01,2769732,540237,5.126883201261668,UK
Reino Unido,2025-03-01,3336834,685021,4.871141176693853,UK
República Checa,2022-03-01,70345,18604,3.7811760911631906,Czech Republic
República Checa,2022-04-01,88635,24940,3.5539294306335205,Czech Republic
República Checa,2022-05-01,115116,30983,3.715456863441242,Czech Republic
República Checa,2022-06-01,163427,35584,4.592710206834532,Czech Republic
República Checa,2022-07-01,246901,46140,5.351127004768097,Czech Republic
República Checa,2022-08-01,191819,37296,5.14315208065208,Czech Republic
República Checa,2022-09-01,200996,45378,4.429371060866499,Czech Republic
República Checa,2022-10-01,173943,34613,5.0253661918932195,Czech Republic
República Checa,2022-11-01,59534,17261,3.449046984531603,Czech Republic
República Checa,2022-12-01,44645,11432,3.905265920223933,Czech Republic
República Checa,2023-01-01,41228,11655,3.537365937365937,Czech Republic
República Checa,2023-02-01,60120,15854,3.792102939321307,Czech Republic
República Checa,2023-03-01,78385,20177,3.8848689101452147,Czech Republic
República Checa,2023-04-01,115556,32098,3.600099694685027,Czech Republic
República Checa,2023-05-01,155442,41073,3.7845299832006427,Czech Republic
República Checa,2023-06-01,210186,43253,4.859454835502739,Czech Republic
República Checa,2023-07-01,285777,52972,5.3948689873895646,Czech Republic
República Checa,2023-08-01,233771,45589,5.127793985391213,Czech Republic
República Checa,2023-09-01,234488,48620,4.822871246400658,Czech Republic
República Checa,2023-10-01,148694,35884,4.14374094303868,Czech Republic
República Checa,2023-11-01,75003,20033,3.743972445464983,Czech Republic
República Checa,2023-12-01,49777,13418,3.709718288865703,Czech Republic
República Checa,2024-01-01,45007,12552,3.5856437221159974,Czech Republic
República Checa,2024-02-01,80508,20461,3.934705048629099,Czech Republic
República Checa,2024-03-01,91955,24630,3.733455136012992,Czech Republic
República Checa,2024-04-01,103460,31043,3.3327964436426893,Czech Republic
República Checa,2024-05-01,143343,37658,3.806442190238462,Czech Republic
República Checa,2024-06-01,260008,50549,5.143682367603711,Czech Republic
República Checa,2024-07-01,296884,51964,5.713263028250327,Czech Republic
República Checa,2024-08-01,224651,42949,5.230645649491257,Czech Republic
República Checa,2024-09-01,258368,52216,4.9480618967366325,Czech Republic
República Checa,2024-10-01,170960,40070,4.266533566259047,Czech Republic
República Checa,2024-11-01,66894,18882,3.542739116619002,Czech Republic
República Checa,2024-12-01,50144,13343,3.7580753953383796,Czech Republic
República Checa,2025-01-01,49400,14089,3.5062814962027113,Czech Republic
República Checa,2025-02-01,76674,21061,3.6405678742699776,Czech Republic
República Checa,2025-03-01,99706,23914,4.169356862089153,Czech Republic
Resto de la U.E.,2022-03-01,275552,87395,3.152949253389782,Rest of the EU
Resto de la U.E.,2022-04-01,397777,130262,3.053668759883926,Rest of the EU
Resto de la U.E.,2022-05-01,403854,128803,3.1354393919396286,Rest of the EU
Resto de la U.E.,2022-06-01,533849,153453,3.478908851570188,Rest of the EU
Resto de la U.E.,2022-07-01,657433,165921,3.96232544403662,Rest of the EU
Resto de la U.E.,2022-08-01,638444,159498,4.002833891334061,Rest of the EU
Resto de la U.E.,2022-09-01,527439,146222,3.6071111050320743,Rest of the EU
Resto de la U.E.,2022-10-01,431750,135432,3.187946718648473,Rest of the EU
Resto de la U.E.,2022-11-01,273385,89332,3.0603255272466754,Rest of the EU
Resto de la U.E.,2022-12-01,245194,78208,3.135152414075286,Rest of the EU
Resto de la U.E.,2023-01-01,271388,83204,3.261718186625643,Rest of the EU
Resto de la U.E.,2023-02-01,287692,90488,3.1793386968437805,Rest of the EU
Resto de la U.E.,2023-03-01,338639,111632,3.033529812240218,Rest of the EU
Resto de la U.E.,2023-04-01,478929,152254,3.145592234029976,Rest of the EU
Resto de la U.E.,2023-05-01,498610,153557,3.247067864050483,Rest of the EU
Resto de la U.E.,2023-06-01,621157,168686,3.682326926953037,Rest of the EU
Resto de la U.E.,2023-07-01,761736,188440,4.042326469963914,Rest of the EU
Resto de la U.E.,2023-08-01,755455,187364,4.032017890309771,Rest of the EU
Resto de la U.E.,2023-09-01,654456,170612,3.8359318219117062,Rest of the EU
Resto de la U.E.,2023-10-01,535331,158421,3.3791669033777088,Rest of the EU
Resto de la U.E.,2023-11-01,334242,107369,3.1130214493941453,Rest of the EU
Resto de la U.E.,2023-12-01,283932,90674,3.1313496702472596,Rest of the EU
Resto de la U.E.,2024-01-01,285628,88373,3.2320731445124644,Rest of the EU
Resto de la U.E.,2024-02-01,312767,100351,3.116730276728682,Rest of the EU
Resto de la U.E.,2024-03-01,411370,132228,3.1110657349426747,Rest of the EU
Resto de la U.E.,2024-04-01,484844,156181,3.104372490891978,Rest of the EU
Resto de la U.E.,2024-05-01,601428,180422,3.3334515746416735,Rest of the EU
Resto de la U.E.,2024-06-01,701891,188167,3.7301492822864795,Rest of the EU
Resto de la U.E.,2024-07-01,827122,200158,4.132345447096793,Rest of the EU
Resto de la U.E.,2024-08-01,797521,191530,4.1639482065472775,Rest of the EU
Resto de la U.E.,2024-09-01,735809,186254,3.9505675045905053,Rest of the EU
Resto de la U.E.,2024-10-01,592696,175495,3.3772814040286048,Rest of the EU
Resto de la U.E.,2024-11-01,319089,105655,3.0201031659646964,Rest of the EU
Resto de la U.E.,2024-12-01,267692,88436,3.0269573476864626,Rest of the EU
Resto de la U.E.,2025-01-01,301337,90419,3.332673442528672,Rest of the EU
Resto de la U.E.,2025-02-01,318857,108544,2.9375829156839623,Rest of the EU
Resto de la U.E.,2025-03-01,380017,131470,2.890522552673614,Rest of the EU
Resto del Mundo,2022-03-01,308959,105146,2.9383809179616915,Rest of the World
Resto del Mundo,2022-04-01,393612,137188,2.8691430737382277,Rest of the World
Resto del Mundo,2022-05-01,500607,197101,2.5398501275995558,Rest of the World
Resto del Mundo,2022-06-01,570394,223122,2.556422047131166,Rest of the World
Resto del Mundo,2022-07-01,786180,277955,2.828443453076937,Rest of the World
Resto del Mundo,2022-08-01,740209,255421,2.8979958578190517,Rest of the World
Resto del Mundo,2022-09-01,638933,259103,2.465942115683724,Rest of the World
Resto del Mundo,2022-10-01,619268,253855,2.4394555947292744,Rest of the World
Resto del Mundo,2022-11-01,457672,183932,2.488267403170737,Rest of the World
Resto del Mundo,2022-12-01,431913,174620,2.473445195281182,Rest of the World
Resto del Mundo,2023-01-01,406918,168982,2.408055295830325,Rest of the World
Resto del Mundo,2023-02-01,397339,159677,2.488392191737069,Rest of the World
Resto del Mundo,2023-03-01,473051,199347,2.3730028543193527,Rest of the World
Resto del Mundo,2023-04-01,615635,264705,2.3257399746888043,Rest of the World
Resto del Mundo,2023-05-01,720766,323677,2.226806353247219,Rest of the World
Resto del Mundo,2023-06-01,779938,335588,2.3240938293383553,Rest of the World
Resto del Mundo,2023-07-01,954839,344249,2.7736870695339713,Rest of the World
Resto del Mundo,2023-08-01,861030,319399,2.6957817651276303,Rest of the World
Resto del Mundo,2023-09-01,822039,349814,2.3499316779774393,Rest of the World
Resto del Mundo,2023-10-01,721921,335662,2.1507379447181987,Rest of the World
Resto del Mundo,2023-11-01,469708,222631,2.1098050136773407,Rest of the World
Resto del Mundo,2023-12-01,460683,207736,2.2176368082566333,Rest of the World
Resto del Mundo,2024-01-01,470275,210846,2.2304193582045664,Rest of the World
Resto del Mundo,2024-02-01,471542,207281,2.274892537183823,Rest of the World
Resto del Mundo,2024-03-01,488906,228303,2.141478648988406,Rest of the World
Resto del Mundo,2024-04-01,651029,302110,2.1549402535500315,Rest of the World
Resto del Mundo,2024-05-01,776684,361937,2.1459093709678756,Rest of the World
Resto del Mundo,2024-06-01,779318,333640,2.335805059345402,Rest of the World
Resto del Mundo,2024-07-01,911953,334790,2.7239553152722604,Rest of the World
Resto del Mundo,2024-08-01,848218,313975,2.7015463014571224,Rest of the World
Resto del Mundo,2024-09-01,817645,353360,2.3139149875481095,Rest of the World
Resto del Mundo,2024-10-01,743778,336940,2.2074493975188463,Rest of the World
Resto del Mundo,2024-11-01,551584,245476,2.2469976698333034,Rest of the World
Resto del Mundo,2024-12-01,482536,204860,2.35544274138436,Rest of the World
Resto del Mundo,2025-01-01,521707,224389,2.325011475607093,Rest of the World
Resto del Mundo,2025-02-01,457887,196590,2.3291469555928583,Rest of the World
Resto del Mundo,2025-03-01,512196,229612,2.230702228106545,Rest of the World
Suecia,2022-03-01,273550,52984,5.162879359806734,Sweden
Suecia,2022-04-01,289229,63726,4.538634152465241,Sweden
Suecia,2022-05-01,286849,74242,3.863702486463188,Sweden
Suecia,2022-06-01,293062,71124,4.120437545694843,Sweden
Suecia,2022-07-01,363110,86411,4.2021270440106,Sweden
Suecia,2022-08-01,275004,62114,4.42740766976849,Sweden
Suecia,2022-09-01,306360,76613,3.998799159411588,Sweden
Suecia,2022-10-01,331756,82346,4.02880528501688,Sweden
Suecia,2022-11-01,419091,71640,5.849958123953098,Sweden
Suecia,2022-12-01,324140,56090,5.7789267249064,Sweden
Suecia,2023-01-01,356138,61837,5.759302682859777,Sweden
Suecia,2023-02-01,311636,56607,5.505255533767909,Sweden
Suecia,2023-03-01,371908,71971,5.16747023106529,Sweden
Suecia,2023-04-01,323088,71199,4.537816542367168,Sweden
Suecia,2023-05-01,300940,70640,4.2601925254813136,Sweden
Suecia,2023-06-01,299690,71439,4.195047523061633,Sweden
Suecia,2023-07-01,366800,85223,4.304002440655691,Sweden
Suecia,2023-08-01,289605,62714,4.617868418534936,Sweden
Suecia,2023-09-01,315575,77154,4.090196230914794,Sweden
Suecia,2023-10-01,378622,91634,4.131894275050746,Sweden
Suecia,2023-11-01,426545,74144,5.752926737160121,Sweden
Suecia,2023-12-01,323683,55338,5.849199465105353,Sweden
Suecia,2024-01-01,348892,61269,5.69442948309912,Sweden
Suecia,2024-02-01,331212,60098,5.51119837598589,Sweden
Suecia,2024-03-01,386929,73995,5.229123589431718,Sweden
Suecia,2024-04-01,326906,72550,4.505940730530669,Sweden
Suecia,2024-05-01,318792,78389,4.066795086045236,Sweden
Suecia,2024-06-01,331432,75837,4.370320555929164,Sweden
Suecia,2024-07-01,395390,91608,4.316107763514103,Sweden
Suecia,2024-08-01,298821,62786,4.759357181537285,Sweden
Suecia,2024-09-01,286960,71334,4.022766142372501,Sweden
Suecia,2024-10-01,414751,91644,4.5256754397451004,Sweden
Suecia,2024-11-01,391841,71165,5.506091477552167,Sweden
Suecia,2024-12-01,327963,55557,5.90318051730655,Sweden
Suecia,2025-01-01,297666,53882,5.5244051816933295,Sweden
Suecia,2025-02-01,316830,56546,5.603048845187988,Sweden
Suecia,2025-03-01,341626,65277,5.233481930848538,Sweden
Suiza,2022-03-01,160751,44190,3.637723466847703,Switzerland
Suiza,2022-04-01,339515,90789,3.7396050182290805,Switzerland
Suiza,2022-05-01,350045,100169,3.4945442202677475,Switzerland
Suiza,2022-06-01,381996,99416,3.8423996137442664,Switzerland
Suiza,2022-07-01,661885,148126,4.468391774570298,Switzerland
Suiza,2022-08-01,459603,98490,4.666494060310692,Switzerland
Suiza,2022-09-01,449136,112907,3.9779287378107644,Switzerland
Suiza,2022-10-01,500962,118941,4.211852935489024,Switzerland
Suiza,2022-11-01,169885,43220,3.93070337806571,Switzerland
Suiza,2022-12-01,133615,36804,3.6304477774154984,Switzerland
Suiza,2023-01-01,133371,32016,4.165760869565218,Switzerland
Suiza,2023-02-01,167744,41986,3.995236507407231,Switzerland
Suiza,2023-03-01,189149,55193,3.427046908122407,Switzerland
Suiza,2023-04-01,377899,108981,3.467567741165891,Switzerland
Suiza,2023-05-01,418745,112091,3.735759338394697,Switzerland
Suiza,2023-06-01,403316,101881,3.958696911102168,Switzerland
Suiza,2023-07-01,677205,148103,4.572527227672634,Switzerland
Suiza,2023-08-01,466034,98882,4.713031694342752,Switzerland
Suiza,2023-09-01,498617,127504,3.9105988831722924,Switzerland
Suiza,2023-10-01,556985,128628,4.330200267437883,Switzerland
Suiza,2023-11-01,197897,51337,3.854861016420905,Switzerland
Suiza,2023-12-01,153965,43965,3.5019902194927783,Switzerland
Suiza,2024-01-01,136162,35231,3.8648349464959835,Switzerland
Suiza,2024-02-01,173917,47455,3.6648825202823727,Switzerland
Suiza,2024-03-01,236051,67218,3.511723050373412,Switzerland
Suiza,2024-04-01,385186,108077,3.56399603986047,Switzerland
Suiza,2024-05-01,435703,121034,3.5998397144603995,Switzerland
Suiza,2024-06-01,422144,111420,3.7887632381978102,Switzerland
Suiza,2024-07-01,709281,154777,4.582599481835157,Switzerland
Suiza,2024-08-01,448985,98869,4.54121109751287,Switzerland
Suiza,2024-09-01,550779,138564,3.9749069022256864,Switzerland
Suiza,2024-10-01,580740,139166,4.173002026357013,Switzerland
Suiza,2024-11-01,190058,50757,3.744468743227535,Switzerland
Suiza,2024-12-01,159954,45866,3.487419875288885,Switzerland
Suiza,2025-01-01,134103,34333,3.9059505432091575,Switzerland
Suiza,2025-02-01,170494,47437,3.594114298964943,Switzerland
Suiza,2025-03-01,209555,64592,3.24428721823136,Switzerland
África,2022-03-01,129023,47245,2.7309344904222668,Africa
África,2022-04-01,80816,30760,2.6273081924577375,Africa
África,2022-05-01,150453,61115,2.461801521721345,Africa
África,2022-06-01,140150,58438,2.398268250111229,Africa
África,2022-07-01,226287,95908,2.3594173583017057,Africa
África,2022-08-01,275633,110101,2.503455917748249,Africa
África,2022-09-01,162012,67728,2.3920978029766125,Africa
África,2022-10-01,159849,64837,2.4653978438237427,Africa
África,2022-11-01,118308,49027,2.4131193016093175,Africa
África,2022-12-01,129053,55953,2.306453630725788,Africa
África,2023-01-01,136874,58152,2.35372816068235,Africa
África,2023-02-01,119220,50637,2.3544048818057943,Africa
África,2023-03-01,129576,54366,2.3834013905749916,Africa
África,2023-04-01,110000,44908,2.4494522134140913,Africa
África,2023-05-01,152833,64725,2.361266898416377,Africa
África,2023-06-01,152289,66615,2.2861067327178564,Africa
África,2023-07-01,251678,99238,2.536105121022189,Africa
África,2023-08-01,321296,116747,2.752070717020566,Africa
África,2023-09-01,187205,75960,2.4645208004212744,Africa
África,2023-10-01,188778,69680,2.7092135476463834,Africa
África,2023-11-01,140759,53364,2.637714564125628,Africa
África,2023-12-01,144946,56184,2.5798447956713657,Africa
África,2024-01-01,156419,61716,2.5344967269427703,Africa
África,2024-02-01,140255,56571,2.4792738328825723,Africa
África,2024-03-01,111547,42332,2.6350514976849664,Africa
África,2024-04-01,151094,60186,2.5104509354334894,Africa
África,2024-05-01,176451,71498,2.4679151864387814,Africa
África,2024-06-01,182391,73978,2.465476222660791,Africa
África,2024-07-01,293003,113402,2.583755136593711,Africa
África,2024-08-01,404200,141219,2.8622210892302027,Africa
África,2024-09-01,222639,83308,2.672480434051952,Africa
África,2024-10-01,188269,73391,2.5652872968075107,Africa
África,2024-11-01,158090,58187,2.716929898430921,Africa
África,2024-12-01,179831,67487,2.6646761598530087,Africa
África,2025-01-01,165119,64587,2.5565361450446686,Africa
África,2025-02-01,155350,61144,2.540723537877797,Africa
África,2025-03-01,119418,38275,3.12,Africa
